4721,1.62E-03
4722,1.22E-03
4723,1.01E-03
4724,8.68E-04
4725,8.69E-04
4726,9.34E-04
4727,1.04E-03
4728,1.08E-03
4729,1.34E-03
4730,1.35E-03
4731,1.92E-03
4732,1.69E-03
4733,1.92E-03
4734,1.88E-03
4735,2.26E-03
4736,1.92E-03
4737,1.67E-03
4738,1.34E-03
4739,1.11E-03
4740,9.17E-04
4741,1.89E-03
4742,1.34E-03
4743,1.05E-03
4744,8.66E-04
4745,8.78E-04
4746,1.02E-03
4747,1.22E-03
4748,1.60E-03
4749,8.12E-04
4750,7.62E-04
4751,7.72E-04
4752,7.42E-04
4753,6.95E-04
4754,7.05E-04
4755,7.05E-04
4756,6.60E-04
4757,6.72E-04
4758,9.04E-04
4759,8.44E-04
4760,8.25E-04
4761,8.06E-04
4762,7.53E-04
4763,7.43E-04
4764,7.51E-04
4765,7.00E-04
4766,6.99E-04
4767,7.33E-04
4768,6.83E-04
4769,6.71E-04
4770,7.54E-04
4771,7.04E-04
4772,7.03E-04
4773,8.22E-04
4774,7.71E-04
4775,7.71E-04
4776,7.73E-04
4777,7.56E-04
4778,8.07E-04
4779,7.06E-04
4780,6.89E-04
4781,7.35E-04
4782,6.72E-04
4783,6.56E-04
4784,7.01E-04
4785,1.02E-03
4786,8.88E-04
4787,7.88E-04
4788,6.74E-04
4789,5.72E-04
4790,1.05E-03
4791,8.95E-04
4792,7.69E-04
4793,6.60E-04
4794,5.63E-04
4795,1.08E-03
4796,8.96E-04
4797,7.44E-04
4798,6.19E-04
4799,5.44E-04
4800,1.26E-03
4801,8.85E-04
4802,6.93E-04
4803,5.72E-04
4804,5.07E-04
4805,4.88E-04
4806,5.42E-04
4807,6.14E-04
4808,7.18E-04
4809,9.73E-04
4810,1.12E-03
4811,9.34E-04
4812,9.90E-04
4813,1.05E-03
4814,1.27E-03
4815,1.26E-03
4816,1.37E-03
4817,1.27E-03
4818,1.20E-03
4819,1.15E-03
4820,1.49E-03
4821,1.26E-03
4822,1.18E-03
4823,1.11E-03
4824,1.70E-03
4825,1.36E-03
4826,1.10E-03
4827,9.16E-04
4828,1.92E-03
4829,1.35E-03
4830,1.04E-03
4831,8.57E-04
4832,8.72E-04
4833,1.01E-03
4834,1.22E-03
4835,1.61E-03
4836,1.61E-03
4837,1.23E-03
4838,1.01E-03
4839,8.68E-04
4840,8.67E-04
4841,9.13E-04
4842,1.04E-03
4843,1.08E-03
4844,1.34E-03
4845,1.34E-03
4846,1.89E-03
4847,1.68E-03
4848,1.92E-03
4849,1.88E-03
4850,2.26E-03
4851,1.92E-03
4852,4.38E-04
4853,4.45E-04
4854,4.87E-04
4855,5.02E-04
4856,5.08E-04
4857,3.97E-04
4858,4.00E-04
4859,4.38E-04
4860,4.59E-04
4861,4.71E-04
4862,3.70E-04
4863,3.88E-04
4864,4.14E-04
4865,4.30E-04
4866,4.47E-04
4867,8.30E-04
4868,8.40E-04
4869,9.01E-04
4870,7.47E-04
4871,7.47E-04
4872,8.03E-04
4873,6.96E-04
4874,6.98E-04
4875,7.50E-04
4876,6.77E-04
4877,6.84E-04
4878,7.34E-04
4879,7.02E-04
4880,7.04E-04
4881,7.60E-04
4882,7.67E-04
4883,7.68E-04
4884,8.16E-04
4885,5.08E-04
4886,5.05E-04
4887,4.88E-04
4888,4.47E-04
4889,4.32E-04
4890,4.66E-04
4891,4.59E-04
4892,4.45E-04
4893,4.04E-04
4894,3.89E-04
4895,4.45E-04
4896,4.30E-04
4897,4.17E-04
4898,3.90E-04
4899,3.70E-04
4900,9.61E-04
4901,7.18E-04
4902,6.11E-04
4903,5.42E-04
4904,4.84E-04
4905,5.09E-04
4906,5.43E-04
4907,5.69E-04
4908,5.77E-04
4909,5.83E-04
4910,6.21E-04
4911,6.56E-04
4912,6.75E-04
4913,6.91E-04
4914,7.42E-04
4915,7.63E-04
4916,7.79E-04
4917,8.72E-04
4918,8.75E-04
4919,8.90E-04
4920,9.02E-04
4921,1.26E-03
4922,1.10E-03
4923,1.03E-03
4924,1.02E-03
4925,1.13E-03
4926,1.18E-03
4927,1.15E-03
4928,1.20E-03
4929,1.27E-03
4930,1.27E-03
4931,1.49E-03
4932,1.37E-03
4933,1.28E-03
4934,1.05E-03
4935,1.28E-03
4936,9.87E-04
4937,9.40E-04
4938,1.12E-03
4939,1.56E-03
4940,1.21E-03
4941,1.02E-03
4942,8.88E-04
4943,8.69E-04
4944,9.34E-04
4945,1.04E-03
4946,1.08E-03
4947,1.34E-03
4948,1.35E-03
4949,1.92E-03
4950,1.69E-03
4951,1.92E-03
4952,1.88E-03
4953,2.26E-03
4954,1.92E-03
4955,1.67E-03
4956,1.34E-03
4957,1.11E-03
4958,9.17E-04
4959,1.89E-03
4960,1.34E-03
4961,1.05E-03
4962,8.66E-04
4963,8.98E-04
4964,1.03E-03
4965,1.21E-03
4966,1.53E-03
4967,8.12E-04
4968,7.62E-04
4969,7.90E-04
4970,7.42E-04
4971,6.95E-04
4972,7.23E-04
4973,7.05E-04
4974,6.60E-04
4975,6.92E-04
4976,9.04E-04
4977,8.44E-04
4978,8.36E-04
4979,8.06E-04
4980,7.53E-04
4981,7.58E-04
4982,7.51E-04
4983,7.00E-04
4984,7.15E-04
4985,7.33E-04
4986,6.83E-04
4987,6.85E-04
4988,7.54E-04
4989,7.04E-04
4990,7.20E-04
4991,8.22E-04
4992,7.71E-04
4993,7.91E-04
4994,7.96E-04
4995,7.56E-04
4996,8.07E-04
4997,7.28E-04
4998,6.89E-04
4999,7.35E-04
5000,6.93E-04
5001,6.56E-04
5002,7.01E-04
5003,1.02E-03
5004,8.88E-04
5005,7.88E-04
5006,6.74E-04
5007,5.72E-04
5008,1.05E-03
5009,8.95E-04
5010,7.69E-04
5011,6.60E-04
5012,5.63E-04
5013,1.08E-03
5014,8.96E-04
5015,7.44E-04
5016,6.19E-04
5017,5.44E-04
5018,1.26E-03
5019,8.85E-04
5020,6.93E-04
5021,5.72E-04
5022,5.07E-04
5023,4.97E-04
5024,5.46E-04
5025,6.08E-04
5026,6.89E-04
5027,9.23E-04
5028,1.10E-03
5029,9.41E-04
5030,9.90E-04
5031,1.05E-03
5032,1.27E-03
5033,1.26E-03
5034,1.37E-03
5035,1.27E-03
5036,1.20E-03
5037,1.15E-03
5038,1.49E-03
5039,1.26E-03
5040,1.18E-03
5041,1.11E-03
5042,1.70E-03
5043,1.36E-03
5044,1.10E-03
5045,9.16E-04
5046,1.92E-03
5047,1.35E-03
5048,1.04E-03
5049,8.57E-04
5050,8.95E-04
5051,1.02E-03
5052,1.21E-03
5053,1.55E-03
5054,1.54E-03
5055,1.21E-03
5056,1.02E-03
5057,8.85E-04
5058,8.67E-04
5059,9.13E-04
5060,1.04E-03
5061,1.08E-03
5062,1.34E-03
5063,1.34E-03
5064,1.89E-03
5065,1.68E-03
5066,1.92E-03
5067,1.88E-03
5068,2.26E-03
5069,1.92E-03
5070,4.49E-04
5071,4.45E-04
5072,4.87E-04
5073,5.02E-04
5074,5.08E-04
5075,4.07E-04
5076,4.00E-04
5077,4.38E-04
5078,4.59E-04
5079,4.71E-04
5080,3.79E-04
5081,3.88E-04
5082,4.14E-04
5083,4.30E-04
5084,4.47E-04
5085,8.47E-04
5086,8.40E-04
5087,9.01E-04
5088,7.64E-04
5089,7.47E-04
5090,8.03E-04
5091,7.12E-04
5092,6.98E-04
5093,7.50E-04
5094,6.91E-04
5095,6.84E-04
5096,7.34E-04
5097,7.18E-04
5098,7.04E-04
5099,7.60E-04
5100,7.84E-04
5101,7.68E-04
5102,8.16E-04
5103,5.08E-04
5104,5.05E-04
5105,4.88E-04
5106,4.47E-04
5107,4.42E-04
5108,4.66E-04
5109,4.59E-04
5110,4.45E-04
5111,4.04E-04
5112,3.99E-04
5113,4.45E-04
5114,4.30E-04
5115,4.17E-04
5116,3.90E-04
5117,3.80E-04
5118,9.07E-04
5119,6.90E-04
5120,6.03E-04
5121,5.45E-04
5122,4.91E-04
5123,5.09E-04
5124,5.43E-04
5125,5.69E-04
5126,5.77E-04
5127,5.83E-04
5128,6.21E-04
5129,6.56E-04
5130,6.75E-04
5131,6.91E-04
5132,7.42E-04
5133,7.63E-04
5134,7.79E-04
5135,8.72E-04
5136,8.75E-04
5137,8.90E-04
5138,9.02E-04
5139,1.26E-03
5140,1.10E-03
5141,1.03E-03
5142,1.02E-03
5143,1.13E-03
5144,1.18E-03
5145,1.15E-03
5146,1.20E-03
5147,1.27E-03
5148,1.27E-03
5149,1.49E-03
5150,1.37E-03
5151,1.28E-03
5152,1.05E-03
5153,1.28E-03
5154,9.87E-04
5155,9.48E-04
5156,1.10E-03
5157,1.56E-03
5158,1.21E-03
5159,1.02E-03
5160,8.88E-04
5161,8.69E-04
5162,9.34E-04
5163,1.04E-03
5164,1.08E-03
5165,1.34E-03
5166,1.35E-03
5167,1.92E-03
5168,1.69E-03
5169,1.92E-03
5170,1.88E-03
5171,2.26E-03
5172,1.92E-03
5173,1.67E-03
5174,1.34E-03
5175,1.11E-03
5176,9.17E-04
5177,1.89E-03
5178,1.34E-03
5179,1.05E-03
5180,8.66E-04
5181,8.98E-04
5182,1.03E-03
5183,1.21E-03
5184,1.53E-03
5185,8.12E-04
5186,7.62E-04
5187,7.90E-04
5188,7.42E-04
5189,6.95E-04
5190,7.23E-04
5191,7.05E-04
5192,6.60E-04
5193,6.92E-04
5194,9.04E-04
5195,8.44E-04
5196,8.36E-04
5197,8.06E-04
5198,7.53E-04
5199,7.58E-04
5200,7.51E-04
5201,7.00E-04
5202,7.15E-04
5203,7.33E-04
5204,6.83E-04
5205,6.85E-04
5206,7.54E-04
5207,7.04E-04
5208,7.20E-04
5209,8.22E-04
5210,7.71E-04
5211,7.91E-04
5212,7.96E-04
5213,7.56E-04
5214,8.07E-04
5215,7.28E-04
5216,6.89E-04
5217,7.35E-04
5218,6.93E-04
5219,6.56E-04
5220,7.01E-04
5221,1.02E-03
5222,8.88E-04
5223,7.88E-04
5224,6.74E-04
5225,5.72E-04
5226,1.05E-03
5227,8.95E-04
5228,7.69E-04
5229,6.60E-04
5230,5.63E-04
5231,1.08E-03
5232,8.96E-04
5233,7.44E-04
5234,6.19E-04
5235,5.44E-04
5236,1.26E-03
5237,8.85E-04
5238,6.93E-04
5239,5.72E-04
5240,5.07E-04
5241,4.97E-04
5242,5.46E-04
5243,6.08E-04
5244,6.89E-04
5245,9.23E-04
5246,1.10E-03
5247,9.41E-04
5248,9.90E-04
5249,1.05E-03
5250,1.27E-03
5251,1.26E-03
5252,1.37E-03
5253,1.27E-03
5254,1.20E-03
5255,1.15E-03
5256,1.49E-03
5257,1.26E-03
5258,1.18E-03
5259,1.11E-03
5260,1.70E-03
5261,1.36E-03
5262,1.10E-03
5263,9.16E-04
5264,1.92E-03
5265,1.35E-03
5266,1.04E-03
5267,8.57E-04
5268,8.95E-04
5269,1.02E-03
5270,1.21E-03
5271,1.55E-03
5272,1.54E-03
5273,1.21E-03
5274,1.02E-03
5275,8.85E-04
5276,8.67E-04
5277,9.13E-04
5278,1.04E-03
5279,1.08E-03
5280,1.34E-03
5281,1.34E-03
5282,1.89E-03
5283,1.68E-03
5284,1.92E-03
5285,1.88E-03
5286,2.26E-03
5287,1.92E-03
5288,4.49E-04
5289,4.45E-04
5290,4.87E-04
5291,5.02E-04
5292,5.08E-04
5293,4.07E-04
5294,4.00E-04
5295,4.38E-04
5296,4.59E-04
5297,4.71E-04
5298,3.79E-04
5299,3.88E-04
5300,4.14E-04
5301,4.30E-04
5302,4.47E-04
5303,8.47E-04
5304,8.40E-04
5305,9.01E-04
5306,7.64E-04
5307,7.47E-04
5308,8.03E-04
5309,7.12E-04
5310,6.98E-04
5311,7.50E-04
5312,6.91E-04
5313,6.84E-04
5314,7.34E-04
5315,7.18E-04
5316,7.04E-04
5317,7.60E-04
5318,7.84E-04
5319,7.68E-04
5320,8.16E-04
5321,5.08E-04
5322,5.05E-04
5323,4.88E-04
5324,4.47E-04
5325,4.42E-04
5326,4.66E-04
5327,4.59E-04
5328,4.45E-04
5329,4.04E-04
5330,3.99E-04
5331,4.45E-04
5332,4.30E-04
5333,4.17E-04
5334,3.90E-04
5335,3.80E-04
5336,9.07E-04
5337,6.90E-04
5338,6.03E-04
5339,5.45E-04
5340,4.91E-04
5341,5.09E-04
5342,5.43E-04
5343,5.69E-04
5344,5.77E-04
5345,5.83E-04
5346,6.21E-04
5347,6.56E-04
5348,6.75E-04
5349,6.91E-04
5350,7.42E-04
5351,7.63E-04
5352,7.79E-04
5353,8.72E-04
5354,8.75E-04
5355,8.90E-04
5356,9.02E-04
5357,1.26E-03
5358,1.10E-03
5359,1.03E-03
5360,1.02E-03
5361,1.13E-03
5362,1.18E-03
5363,1.15E-03
5364,1.20E-03
5365,1.27E-03
5366,1.27E-03
5367,1.49E-03
5368,1.37E-03
5369,1.28E-03
5370,1.05E-03
5371,1.28E-03
5372,9.87E-04
5373,9.48E-04
5374,1.10E-03
5375,1.56E-03
5376,1.21E-03
5377,1.02E-03
5378,8.88E-04
5379,8.69E-04
5380,9.34E-04
5381,1.04E-03
5382,1.08E-03
5383,1.34E-03
5384,1.35E-03
5385,1.92E-03
5386,1.69E-03
5387,1.92E-03
5388,1.88E-03
5389,2.26E-03
5390,1.92E-03
5391,1.67E-03
5392,1.34E-03
5393,1.11E-03
5394,9.17E-04
5395,1.89E-03
5396,1.34E-03
5397,1.05E-03
5398,8.66E-04
5399,8.98E-04
5400,1.03E-03
5401,1.21E-03
5402,1.53E-03
5403,8.12E-04
5404,7.62E-04
5405,7.90E-04
5406,7.42E-04
5407,6.95E-04
5408,7.23E-04
5409,7.05E-04
5410,6.60E-04
5411,6.92E-04
5412,9.04E-04
5413,8.44E-04
5414,8.36E-04
5415,8.06E-04
5416,7.53E-04
5417,7.58E-04
5418,7.51E-04
5419,7.00E-04
5420,7.15E-04
5421,7.33E-04
5422,6.83E-04
5423,6.85E-04
5424,7.54E-04
5425,7.04E-04
5426,7.20E-04
5427,8.22E-04
5428,7.71E-04
5429,7.91E-04
5430,7.96E-04
5431,7.56E-04
5432,8.07E-04
5433,7.28E-04
5434,6.89E-04
5435,7.35E-04
5436,6.93E-04
5437,6.56E-04
5438,7.01E-04
5439,1.02E-03
5440,8.88E-04
5441,7.88E-04
5442,6.74E-04
5443,5.72E-04
5444,1.05E-03
5445,8.95E-04
5446,7.69E-04
5447,6.60E-04
5448,5.63E-04
5449,1.08E-03
5450,8.96E-04
5451,7.44E-04
5452,6.19E-04
5453,5.44E-04
5454,1.26E-03
5455,8.85E-04
5456,6.93E-04
5457,5.72E-04
5458,5.07E-04
5459,4.97E-04
5460,5.46E-04
5461,6.08E-04
5462,6.89E-04
5463,9.23E-04
5464,1.10E-03
5465,9.41E-04
5466,9.90E-04
5467,1.05E-03
5468,1.27E-03
5469,1.26E-03
5470,1.37E-03
5471,1.27E-03
5472,1.20E-03
5473,1.15E-03
5474,1.49E-03
5475,1.26E-03
5476,1.18E-03
5477,1.11E-03
5478,1.70E-03
5479,1.36E-03
5480,1.10E-03
5481,9.16E-04
5482,1.92E-03
5483,1.35E-03
5484,1.04E-03
5485,8.57E-04
5486,8.95E-04
5487,1.02E-03
5488,1.21E-03
5489,1.55E-03
5490,1.54E-03
5491,1.21E-03
5492,1.02E-03
5493,8.85E-04
5494,8.67E-04
5495,9.13E-04
5496,1.04E-03
5497,1.08E-03
5498,1.34E-03
5499,1.34E-03
5500,1.89E-03
5501,1.68E-03
5502,1.92E-03
5503,1.88E-03
5504,2.26E-03
5505,1.92E-03
5506,4.49E-04
5507,4.45E-04
5508,4.87E-04
5509,5.02E-04
5510,5.08E-04
5511,4.07E-04
5512,4.00E-04
5513,4.38E-04
5514,4.59E-04
5515,4.71E-04
5516,3.79E-04
5517,3.88E-04
5518,4.14E-04
5519,4.30E-04
5520,4.47E-04
5521,8.47E-04
5522,8.40E-04
5523,9.01E-04
5524,7.64E-04
5525,7.47E-04
5526,8.03E-04
5527,7.12E-04
5528,6.98E-04
5529,7.50E-04
5530,6.91E-04
5531,6.84E-04
5532,7.34E-04
5533,7.18E-04
5534,7.04E-04
5535,7.60E-04
5536,7.84E-04
5537,7.68E-04
5538,8.16E-04
5539,5.08E-04
5540,5.05E-04
5541,4.88E-04
5542,4.47E-04
5543,4.42E-04
5544,4.66E-04
5545,4.59E-04
5546,4.45E-04
5547,4.04E-04
5548,3.99E-04
5549,4.45E-04
5550,4.30E-04
5551,4.17E-04
5552,3.90E-04
5553,3.80E-04
5554,9.07E-04
5555,6.90E-04
5556,6.03E-04
5557,5.45E-04
5558,4.91E-04
5559,5.09E-04
5560,5.43E-04
5561,5.69E-04
5562,5.77E-04
5563,5.83E-04
5564,6.21E-04
5565,6.56E-04
5566,6.75E-04
5567,6.91E-04
5568,7.42E-04
5569,7.63E-04
5570,7.79E-04
5571,8.72E-04
5572,8.75E-04
5573,8.90E-04
5574,9.02E-04
5575,1.26E-03
5576,1.10E-03
5577,1.03E-03
5578,1.02E-03
5579,1.13E-03
5580,1.18E-03
5581,1.15E-03
5582,1.20E-03
5583,1.27E-03
5584,1.27E-03
5585,1.49E-03
5586,1.37E-03
5587,1.28E-03
5588,1.05E-03
5589,1.28E-03
5590,9.87E-04
5591,9.48E-04
5592,1.10E-03
5593,1.56E-03
5594,1.21E-03
5595,1.02E-03
5596,8.88E-04
5597,8.69E-04
5598,9.34E-04
5599,1.04E-03
5600,1.08E-03
5601,1.34E-03
5602,1.35E-03
5603,1.92E-03
5604,1.69E-03
5605,1.92E-03
5606,1.88E-03
5607,2.26E-03
5608,1.92E-03
5609,1.67E-03
5610,1.34E-03
5611,1.11E-03
5612,9.17E-04
5613,1.89E-03
5614,1.34E-03
5615,1.05E-03
5616,8.66E-04
5617,8.98E-04
5618,1.03E-03
5619,1.21E-03
5620,1.53E-03
5621,8.12E-04
5622,7.62E-04
5623,7.90E-04
5624,7.42E-04
5625,6.95E-04
5626,7.23E-04
5627,7.05E-04
5628,6.60E-04
5629,6.92E-04
5630,9.04E-04
5631,8.44E-04
5632,8.36E-04
5633,8.06E-04
5634,7.53E-04
5635,7.58E-04
5636,7.51E-04
5637,7.00E-04
5638,7.15E-04
5639,7.33E-04
5640,6.83E-04
5641,6.85E-04
5642,7.54E-04
5643,7.04E-04
5644,7.20E-04
5645,8.22E-04
5646,7.71E-04
5647,7.91E-04
5648,7.96E-04
5649,7.56E-04
5650,8.07E-04
5651,7.28E-04
5652,6.89E-04
5653,7.35E-04
5654,6.93E-04
5655,6.56E-04
5656,7.01E-04
5657,1.02E-03
5658,8.88E-04
5659,7.88E-04
5660,6.74E-04
5661,5.72E-04
5662,1.05E-03
5663,8.95E-04
5664,7.69E-04
5665,6.60E-04
5666,5.63E-04
5667,1.08E-03
5668,8.96E-04
5669,7.44E-04
5670,6.19E-04
5671,5.44E-04
5672,1.26E-03
5673,8.85E-04
5674,6.93E-04
5675,5.72E-04
5676,5.07E-04
5677,4.97E-04
5678,5.46E-04
5679,6.08E-04
5680,6.89E-04
5681,9.23E-04
5682,1.10E-03
5683,9.41E-04
5684,9.90E-04
5685,1.05E-03
5686,1.27E-03
5687,1.26E-03
5688,1.37E-03
5689,1.27E-03
5690,1.20E-03
5691,1.15E-03
5692,1.49E-03
5693,1.26E-03
5694,1.18E-03
5695,1.11E-03
5696,1.70E-03
5697,1.36E-03
5698,1.10E-03
5699,9.16E-04
5700,1.92E-03
5701,1.35E-03
5702,1.04E-03
5703,8.57E-04
5704,8.95E-04
5705,1.02E-03
5706,1.21E-03
5707,1.55E-03
5708,1.54E-03
5709,1.21E-03
5710,1.02E-03
5711,8.85E-04
5712,8.67E-04
5713,9.13E-04
5714,1.04E-03
5715,1.08E-03
5716,1.34E-03
5717,1.34E-03
5718,1.89E-03
5719,1.68E-03
5720,1.92E-03
5721,1.88E-03
5722,2.26E-03
5723,1.92E-03
5724,4.49E-04
5725,4.45E-04
5726,4.87E-04
5727,5.02E-04
5728,5.08E-04
5729,4.07E-04
5730,4.00E-04
5731,4.38E-04
5732,4.59E-04
5733,4.71E-04
5734,3.79E-04
5735,3.88E-04
5736,4.14E-04
5737,4.30E-04
5738,4.47E-04
5739,8.47E-04
5740,8.40E-04
5741,9.01E-04
5742,7.64E-04
5743,7.47E-04
5744,8.03E-04
5745,7.12E-04
5746,6.98E-04
5747,7.50E-04
5748,6.91E-04
5749,6.84E-04
5750,7.34E-04
5751,7.18E-04
5752,7.04E-04
5753,7.60E-04
5754,7.84E-04
5755,7.68E-04
5756,8.16E-04
5757,5.08E-04
5758,5.05E-04
5759,4.88E-04
5760,4.47E-04
5761,4.42E-04
5762,4.66E-04
5763,4.59E-04
5764,4.45E-04
5765,4.04E-04
5766,3.99E-04
5767,4.45E-04
5768,4.30E-04
5769,4.17E-04
5770,3.90E-04
5771,3.80E-04
5772,9.07E-04
5773,6.90E-04
5774,6.03E-04
5775,5.45E-04
5776,4.91E-04
5777,5.09E-04
5778,5.43E-04
5779,5.69E-04
5780,5.77E-04
5781,5.83E-04
5782,6.21E-04
5783,6.56E-04
5784,6.75E-04
5785,6.91E-04
5786,7.42E-04
5787,7.63E-04
5788,7.79E-04
5789,8.72E-04
5790,8.75E-04
5791,8.90E-04
5792,9.02E-04
5793,1.26E-03
5794,1.10E-03
5795,1.03E-03
5796,1.02E-03
5797,1.13E-03
5798,1.18E-03
5799,1.15E-03
5800,1.20E-03
5801,1.27E-03
5802,1.27E-03
5803,1.49E-03
5804,1.37E-03
5805,1.28E-03
5806,1.05E-03
5807,1.28E-03
5808,9.87E-04
5809,9.48E-04
5810,1.10E-03
5811,1.56E-03
5812,1.21E-03
5813,1.02E-03
5814,8.88E-04
5815,8.69E-04
5816,9.34E-04
5817,1.04E-03
5818,1.08E-03
5819,1.34E-03
5820,1.35E-03
5821,1.92E-03
5822,1.69E-03
5823,1.92E-03
5824,1.88E-03
5825,2.26E-03
5826,1.92E-03
5827,1.67E-03
5828,1.34E-03
5829,1.11E-03
5830,9.17E-04
5831,1.89E-03
5832,1.34E-03
5833,1.05E-03
5834,8.66E-04
5835,8.98E-04
5836,1.03E-03
5837,1.21E-03
5838,1.53E-03
5839,8.12E-04
5840,7.62E-04
5841,7.90E-04
5842,7.42E-04
5843,6.95E-04
5844,7.23E-04
5845,7.05E-04
5846,6.60E-04
5847,6.92E-04
5848,9.04E-04
5849,8.44E-04
5850,8.36E-04
5851,8.06E-04
5852,7.53E-04
5853,7.58E-04
5854,7.51E-04
5855,7.00E-04
5856,7.15E-04
5857,7.33E-04
5858,6.83E-04
5859,6.85E-04
5860,7.54E-04
5861,7.04E-04
5862,7.20E-04
5863,8.22E-04
5864,7.71E-04
5865,7.91E-04
5866,7.96E-04
5867,7.56E-04
5868,8.07E-04
5869,7.28E-04
5870,6.89E-04
5871,7.35E-04
5872,6.93E-04
5873,6.56E-04
5874,7.01E-04
5875,1.02E-03
5876,8.88E-04
5877,7.88E-04
5878,6.74E-04
5879,5.72E-04
5880,1.05E-03
5881,8.95E-04
5882,7.69E-04
5883,6.60E-04
5884,5.63E-04
5885,1.08E-03
5886,8.96E-04
5887,7.44E-04
5888,6.19E-04
5889,5.44E-04
5890,1.26E-03
5891,8.85E-04
5892,6.93E-04
5893,5.72E-04
5894,5.07E-04
5895,4.97E-04
5896,5.46E-04
5897,6.08E-04
5898,6.89E-04
5899,9.23E-04
5900,1.10E-03
5901,9.41E-04
5902,9.90E-04
5903,1.05E-03
5904,1.27E-03
5905,1.26E-03
5906,1.37E-03
5907,1.27E-03
5908,1.20E-03
5909,1.15E-03
5910,1.49E-03
5911,1.26E-03
5912,1.18E-03
5913,1.11E-03
5914,1.70E-03
5915,1.36E-03
5916,1.10E-03
5917,9.16E-04
5918,1.92E-03
5919,1.35E-03
5920,1.04E-03
5921,8.57E-04
5922,8.95E-04
5923,1.02E-03
5924,1.21E-03
5925,1.55E-03
5926,1.54E-03
5927,1.21E-03
5928,1.02E-03
5929,8.85E-04
5930,8.67E-04
5931,9.13E-04
5932,1.04E-03
5933,1.08E-03
5934,1.34E-03
5935,1.34E-03
5936,1.89E-03
5937,1.68E-03
5938,1.92E-03
5939,1.88E-03
5940,2.26E-03
5941,1.92E-03
5942,4.49E-04
5943,4.45E-04
5944,4.87E-04
5945,5.02E-04
5946,5.08E-04
5947,4.07E-04
5948,4.00E-04
5949,4.38E-04
5950,4.59E-04
5951,4.71E-04
5952,3.79E-04
5953,3.88E-04
5954,4.14E-04
5955,4.30E-04
5956,4.47E-04
5957,8.47E-04
5958,8.40E-04
5959,9.01E-04
5960,7.64E-04
5961,7.47E-04
5962,8.03E-04
5963,7.12E-04
5964,6.98E-04
5965,7.50E-04
5966,6.91E-04
5967,6.84E-04
5968,7.34E-04
5969,7.18E-04
5970,7.04E-04
5971,7.60E-04
5972,7.84E-04
5973,7.68E-04
5974,8.16E-04
5975,5.08E-04
5976,5.05E-04
5977,4.88E-04
5978,4.47E-04
5979,4.42E-04
5980,4.66E-04
5981,4.59E-04
5982,4.45E-04
5983,4.04E-04
5984,3.99E-04
5985,4.45E-04
5986,4.30E-04
5987,4.17E-04
5988,3.90E-04
5989,3.80E-04
5990,9.07E-04
5991,6.90E-04
5992,6.03E-04
5993,5.45E-04
5994,4.91E-04
5995,5.09E-04
5996,5.43E-04
5997,5.69E-04
5998,5.77E-04
5999,5.83E-04
6000,6.21E-04
6001,6.56E-04
6002,6.75E-04
6003,6.91E-04
6004,7.42E-04
6005,7.63E-04
6006,7.79E-04
6007,8.72E-04
6008,8.75E-04
6009,8.90E-04
6010,9.02E-04
6011,1.26E-03
6012,1.10E-03
6013,1.03E-03
6014,1.02E-03
6015,1.13E-03
6016,1.18E-03
6017,1.15E-03
6018,1.20E-03
6019,1.27E-03
6020,1.27E-03
6021,1.49E-03
6022,1.37E-03
6023,1.28E-03
6024,1.05E-03
6025,1.28E-03
6026,9.87E-04
6027,9.48E-04
6028,1.10E-03
6029,1.56E-03
6030,1.21E-03
6031,1.02E-03
6032,8.88E-04
6033,8.69E-04
6034,9.34E-04
6035,1.04E-03
6036,1.08E-03
6037,1.34E-03
6038,1.35E-03
6039,1.92E-03
6040,1.69E-03
6041,1.92E-03
6042,1.88E-03
6043,2.26E-03
6044,1.92E-03
6045,1.67E-03
6046,1.34E-03
6047,1.11E-03
6048,9.17E-04
6049,1.89E-03
6050,1.34E-03
6051,1.05E-03
6052,8.66E-04
6053,8.98E-04
6054,1.03E-03
6055,1.21E-03
6056,1.53E-03
6057,8.12E-04
6058,7.62E-04
6059,7.90E-04
6060,7.42E-04
6061,6.95E-04
6062,7.23E-04
6063,7.05E-04
6064,6.60E-04
6065,6.92E-04
6066,9.04E-04
6067,8.44E-04
6068,8.36E-04
6069,8.06E-04
6070,7.53E-04
6071,7.58E-04
6072,7.51E-04
6073,7.00E-04
6074,7.15E-04
6075,7.33E-04
6076,6.83E-04
6077,6.85E-04
6078,7.54E-04
6079,7.04E-04
6080,7.20E-04
6081,8.22E-04
6082,7.71E-04
6083,7.91E-04
6084,7.96E-04
6085,7.56E-04
6086,8.07E-04
6087,7.28E-04
6088,6.89E-04
6089,7.35E-04
6090,6.93E-04
6091,6.56E-04
6092,7.01E-04
6093,1.02E-03
6094,8.88E-04
6095,7.88E-04
6096,6.74E-04
6097,5.72E-04
6098,1.05E-03
6099,8.95E-04
6100,7.69E-04
6101,6.60E-04
6102,5.63E-04
6103,1.08E-03
6104,8.96E-04
6105,7.44E-04
6106,6.19E-04
6107,5.44E-04
6108,1.26E-03
6109,8.85E-04
6110,6.93E-04
6111,5.72E-04
6112,5.07E-04
6113,4.97E-04
6114,5.46E-04
6115,6.08E-04
6116,6.89E-04
6117,9.23E-04
6118,1.10E-03
6119,9.41E-04
6120,9.90E-04
6121,1.05E-03
6122,1.27E-03
6123,1.26E-03
6124,1.37E-03
6125,1.27E-03
6126,1.20E-03
6127,1.15E-03
6128,1.49E-03
6129,1.26E-03
6130,1.18E-03
6131,1.11E-03
6132,1.70E-03
6133,1.36E-03
6134,1.10E-03
6135,9.16E-04
6136,1.92E-03
6137,1.35E-03
6138,1.04E-03
6139,8.57E-04
6140,8.95E-04
6141,1.02E-03
6142,1.21E-03
6143,1.55E-03
6144,1.54E-03
6145,1.21E-03
6146,1.02E-03
6147,8.85E-04
6148,8.67E-04
6149,9.13E-04
6150,1.04E-03
6151,1.08E-03
6152,1.34E-03
6153,1.34E-03
6154,1.89E-03
6155,1.68E-03
6156,1.92E-03
6157,1.88E-03
6158,2.26E-03
6159,1.92E-03
6160,4.49E-04
6161,4.45E-04
6162,4.87E-04
6163,5.02E-04
6164,5.08E-04
6165,4.07E-04
6166,4.00E-04
6167,4.38E-04
6168,4.59E-04
6169,4.71E-04
6170,3.79E-04
6171,3.88E-04
6172,4.14E-04
6173,4.30E-04
6174,4.47E-04
6175,8.47E-04
6176,8.40E-04
6177,9.01E-04
6178,7.64E-04
6179,7.47E-04
6180,8.03E-04
6181,7.12E-04
6182,6.98E-04
6183,7.50E-04
6184,6.91E-04
6185,6.84E-04
6186,7.34E-04
6187,7.18E-04
6188,7.04E-04
6189,7.60E-04
6190,7.84E-04
6191,7.68E-04
6192,8.16E-04
6193,5.08E-04
6194,5.05E-04
6195,4.88E-04
6196,4.47E-04
6197,4.42E-04
6198,4.66E-04
6199,4.59E-04
6200,4.45E-04
6201,4.04E-04
6202,3.99E-04
6203,4.45E-04
6204,4.30E-04
6205,4.17E-04
6206,3.90E-04
6207,3.80E-04
6208,9.07E-04
6209,6.90E-04
6210,6.03E-04
6211,5.45E-04
6212,4.91E-04
6213,5.09E-04
6214,5.43E-04
6215,5.69E-04
6216,5.77E-04
6217,5.83E-04
6218,6.21E-04
6219,6.56E-04
6220,6.75E-04
6221,6.91E-04
6222,7.42E-04
6223,7.63E-04
6224,7.79E-04
6225,8.72E-04
6226,8.75E-04
6227,8.90E-04
6228,9.02E-04
6229,1.26E-03
6230,1.10E-03
6231,1.03E-03
6232,1.02E-03
6233,1.13E-03
6234,1.18E-03
6235,1.15E-03
6236,1.20E-03
6237,1.27E-03
6238,1.27E-03
6239,1.49E-03
6240,1.37E-03
6241,1.28E-03
6242,1.05E-03
6243,1.28E-03
6244,9.87E-04
6245,9.48E-04
6246,1.10E-03
6247,1.56E-03
6248,1.21E-03
6249,1.02E-03
6250,8.88E-04
6251,8.69E-04
6252,9.34E-04
6253,1.04E-03
6254,1.08E-03
6255,1.34E-03
6256,1.35E-03
6257,1.92E-03
6258,1.69E-03
6259,1.92E-03
6260,1.88E-03
6261,2.26E-03
6262,1.92E-03
6263,1.67E-03
6264,1.34E-03
6265,1.11E-03
6266,9.17E-04
6267,1.89E-03
6268,1.34E-03
6269,1.05E-03
6270,8.66E-04
6271,8.98E-04
6272,1.03E-03
6273,1.21E-03
6274,1.53E-03
6275,8.12E-04
6276,7.62E-04
6277,7.90E-04
6278,7.42E-04
6279,6.95E-04
6280,7.23E-04
6281,7.05E-04
6282,6.60E-04
6283,6.92E-04
6284,9.04E-04
6285,8.44E-04
6286,8.36E-04
6287,8.06E-04
6288,7.53E-04
6289,7.58E-04
6290,7.51E-04
6291,7.00E-04
6292,7.15E-04
6293,7.33E-04
6294,6.83E-04
6295,6.85E-04
6296,7.54E-04
6297,7.04E-04
6298,7.20E-04
6299,8.22E-04
6300,7.71E-04
6301,7.91E-04
6302,7.96E-04
6303,7.56E-04
6304,8.07E-04
6305,7.28E-04
6306,6.89E-04
6307,7.35E-04
6308,6.93E-04
6309,6.56E-04
6310,7.01E-04
6311,1.02E-03
6312,8.88E-04
6313,7.88E-04
6314,6.74E-04
6315,5.72E-04
6316,1.05E-03
6317,8.95E-04
6318,7.69E-04
6319,6.60E-04
6320,5.63E-04
6321,1.08E-03
6322,8.96E-04
6323,7.44E-04
6324,6.19E-04
6325,5.44E-04
6326,1.26E-03
6327,8.85E-04
6328,6.93E-04
6329,5.72E-04
6330,5.07E-04
6331,4.97E-04
6332,5.46E-04
6333,6.08E-04
6334,6.89E-04
6335,9.23E-04
6336,1.10E-03
6337,9.41E-04
6338,9.90E-04
6339,1.05E-03
6340,1.27E-03
6341,1.26E-03
6342,1.37E-03
6343,1.27E-03
6344,1.20E-03
6345,1.15E-03
6346,1.49E-03
6347,1.26E-03
6348,1.18E-03
6349,1.11E-03
6350,1.70E-03
6351,1.36E-03
6352,1.10E-03
6353,9.16E-04
6354,1.92E-03
6355,1.35E-03
6356,1.04E-03
6357,8.57E-04
6358,8.95E-04
6359,1.02E-03
6360,1.21E-03
6361,1.55E-03
6362,1.54E-03
6363,1.21E-03
6364,1.02E-03
6365,8.85E-04
6366,8.67E-04
6367,9.13E-04
6368,1.04E-03
6369,1.08E-03
6370,1.34E-03
6371,1.34E-03
6372,1.89E-03
6373,1.68E-03
6374,1.92E-03
6375,1.88E-03
6376,2.26E-03
6377,1.92E-03
6378,4.49E-04
6379,4.45E-04
6380,4.87E-04
6381,5.02E-04
6382,5.08E-04
6383,4.07E-04
6384,4.00E-04
6385,4.38E-04
6386,4.59E-04
6387,4.71E-04
6388,3.79E-04
6389,3.88E-04
6390,4.14E-04
6391,4.30E-04
6392,4.47E-04
6393,8.47E-04
6394,8.40E-04
6395,9.01E-04
6396,7.64E-04
6397,7.47E-04
6398,8.03E-04
6399,7.12E-04
6400,6.98E-04
6401,7.50E-04
6402,6.91E-04
6403,6.84E-04
6404,7.34E-04
6405,7.18E-04
6406,7.04E-04
6407,7.60E-04
6408,7.84E-04
6409,7.68E-04
6410,8.16E-04
6411,5.08E-04
6412,5.05E-04
6413,4.88E-04
6414,4.47E-04
6415,4.42E-04
6416,4.66E-04
6417,4.59E-04
6418,4.45E-04
6419,4.04E-04
6420,3.99E-04
6421,4.45E-04
6422,4.30E-04
6423,4.17E-04
6424,3.90E-04
6425,3.80E-04
6426,9.07E-04
6427,6.90E-04
6428,6.03E-04
6429,5.45E-04
6430,4.91E-04
6431,5.09E-04
6432,5.43E-04
6433,5.69E-04
6434,5.77E-04
6435,5.83E-04
6436,6.21E-04
6437,6.56E-04
6438,6.75E-04
6439,6.91E-04
6440,7.42E-04
6441,7.63E-04
6442,7.79E-04
6443,8.72E-04
6444,8.75E-04
6445,8.90E-04
6446,9.02E-04
6447,1.26E-03
6448,1.10E-03
6449,1.03E-03
6450,1.02E-03
6451,1.13E-03
6452,1.18E-03
6453,1.15E-03
6454,1.20E-03
6455,1.27E-03
6456,1.27E-03
6457,1.49E-03
6458,1.37E-03
6459,1.28E-03
6460,1.05E-03
6461,1.28E-03
6462,9.87E-04
6463,9.48E-04
6464,1.10E-03
6465,1.56E-03
6466,1.21E-03
6467,1.02E-03
6468,8.88E-04
6469,8.69E-04
6470,9.34E-04
6471,1.04E-03
6472,1.08E-03
6473,1.34E-03
6474,1.35E-03
6475,1.92E-03
6476,1.69E-03
6477,1.92E-03
6478,1.88E-03
6479,2.26E-03
6480,1.92E-03
6481,1.67E-03
6482,1.34E-03
6483,1.11E-03
6484,9.17E-04
6485,1.89E-03
6486,1.34E-03
6487,1.05E-03
6488,8.66E-04
6489,8.98E-04
6490,1.03E-03
6491,1.21E-03
6492,1.53E-03
6493,8.12E-04
6494,7.62E-04
6495,7.90E-04
6496,7.42E-04
6497,6.95E-04
6498,7.23E-04
6499,7.05E-04
6500,6.60E-04
6501,6.92E-04
6502,9.04E-04
6503,8.44E-04
6504,8.36E-04
6505,8.06E-04
6506,7.53E-04
6507,7.58E-04
6508,7.51E-04
6509,7.00E-04
6510,7.15E-04
6511,7.33E-04
6512,6.83E-04
6513,6.85E-04
6514,7.54E-04
6515,7.04E-04
6516,7.20E-04
6517,8.22E-04
6518,7.71E-04
6519,7.91E-04
6520,7.96E-04
6521,7.56E-04
6522,8.07E-04
6523,7.28E-04
6524,6.89E-04
6525,7.35E-04
6526,6.93E-04
6527,6.56E-04
6528,7.01E-04
6529,1.02E-03
6530,8.88E-04
6531,7.88E-04
6532,6.74E-04
6533,5.72E-04
6534,1.05E-03
6535,8.95E-04
6536,7.69E-04
6537,6.60E-04
6538,5.63E-04
6539,1.08E-03
6540,8.96E-04
6541,7.44E-04
6542,6.19E-04
6543,5.44E-04
6544,1.26E-03
6545,8.85E-04
6546,6.93E-04
6547,5.72E-04
6548,5.07E-04
6549,4.97E-04
6550,5.46E-04
6551,6.08E-04
6552,6.89E-04
6553,9.23E-04
6554,1.10E-03
6555,9.41E-04
6556,9.90E-04
6557,1.05E-03
6558,1.27E-03
6559,1.26E-03
6560,1.37E-03
6561,1.27E-03
6562,1.20E-03
6563,1.15E-03
6564,1.49E-03
6565,1.26E-03
6566,1.18E-03
6567,1.11E-03
6568,1.70E-03
6569,1.36E-03
6570,1.10E-03
6571,9.16E-04
6572,1.92E-03
6573,1.35E-03
6574,1.04E-03
6575,8.57E-04
6576,8.95E-04
6577,1.02E-03
6578,1.21E-03
6579,1.55E-03
6580,1.54E-03
6581,1.21E-03
6582,1.02E-03
6583,8.85E-04
6584,8.67E-04
6585,9.13E-04
6586,1.04E-03
6587,1.08E-03
6588,1.34E-03
6589,1.34E-03
6590,1.89E-03
6591,1.68E-03
6592,1.92E-03
6593,1.88E-03
6594,2.26E-03
6595,1.92E-03
6596,4.49E-04
6597,4.45E-04
6598,4.87E-04
6599,5.02E-04
6600,5.08E-04
6601,4.07E-04
6602,4.00E-04
6603,4.38E-04
6604,4.59E-04
6605,4.71E-04
6606,3.79E-04
6607,3.88E-04
6608,4.14E-04
6609,4.30E-04
6610,4.47E-04
6611,8.47E-04
6612,8.40E-04
6613,9.01E-04
6614,7.64E-04
6615,7.47E-04
6616,8.03E-04
6617,7.12E-04
6618,6.98E-04
6619,7.50E-04
6620,6.91E-04
6621,6.84E-04
6622,7.34E-04
6623,7.18E-04
6624,7.04E-04
6625,7.60E-04
6626,7.84E-04
6627,7.68E-04
6628,8.16E-04
6629,5.08E-04
6630,5.05E-04
6631,4.88E-04
6632,4.47E-04
6633,4.42E-04
6634,4.66E-04
6635,4.59E-04
6636,4.45E-04
6637,4.04E-04
6638,3.99E-04
6639,4.45E-04
6640,4.30E-04
6641,4.17E-04
6642,3.90E-04
6643,3.80E-04
6644,9.07E-04
6645,6.90E-04
6646,6.03E-04
6647,5.45E-04
6648,4.91E-04
6649,5.09E-04
6650,5.43E-04
6651,5.69E-04
6652,5.77E-04
6653,5.83E-04
6654,6.21E-04
6655,6.56E-04
6656,6.75E-04
6657,6.91E-04
6658,7.42E-04
6659,7.63E-04
6660,7.79E-04
6661,8.72E-04
6662,8.75E-04
6663,8.90E-04
6664,9.02E-04
6665,1.26E-03
6666,1.10E-03
6667,1.03E-03
6668,1.02E-03
6669,1.13E-03
6670,1.18E-03
6671,1.15E-03
6672,1.20E-03
6673,1.27E-03
6674,1.27E-03
6675,1.49E-03
6676,1.37E-03
6677,1.28E-03
6678,1.05E-03
6679,1.28E-03
6680,9.87E-04
6681,9.48E-04
6682,1.10E-03
6683,1.56E-03
6684,1.21E-03
6685,1.02E-03
6686,8.88E-04
6687,8.69E-04
6688,9.34E-04
6689,1.04E-03
6690,1.08E-03
6691,1.34E-03
6692,1.35E-03
6693,1.92E-03
6694,1.69E-03
6695,1.92E-03
6696,1.88E-03
6697,2.26E-03
6698,1.92E-03
6699,1.67E-03
6700,1.34E-03
6701,1.11E-03
6702,9.17E-04
6703,1.89E-03
6704,1.34E-03
6705,1.05E-03
6706,8.66E-04
6707,8.98E-04
6708,1.03E-03
6709,1.21E-03
6710,1.53E-03
6711,8.12E-04
6712,7.62E-04
6713,7.90E-04
6714,7.42E-04
6715,6.95E-04
6716,7.23E-04
6717,7.05E-04
6718,6.60E-04
6719,6.92E-04
6720,9.04E-04
6721,8.44E-04
6722,8.36E-04
6723,8.06E-04
6724,7.53E-04
6725,7.58E-04
6726,7.51E-04
6727,7.00E-04
6728,7.15E-04
6729,7.33E-04
6730,6.83E-04
6731,6.85E-04
6732,7.54E-04
6733,7.04E-04
6734,7.20E-04
6735,8.22E-04
6736,7.71E-04
6737,7.91E-04
6738,7.96E-04
6739,7.56E-04
6740,8.07E-04
6741,7.28E-04
6742,6.89E-04
6743,7.35E-04
6744,6.93E-04
6745,6.56E-04
6746,7.01E-04
6747,1.02E-03
6748,8.88E-04
6749,7.88E-04
6750,6.74E-04
6751,5.72E-04
6752,1.05E-03
6753,8.95E-04
6754,7.69E-04
6755,6.60E-04
6756,5.63E-04
6757,1.08E-03
6758,8.96E-04
6759,7.44E-04
6760,6.19E-04
6761,5.44E-04
6762,1.26E-03
6763,8.85E-04
6764,6.93E-04
6765,5.72E-04
6766,5.07E-04
6767,4.97E-04
6768,5.46E-04
6769,6.08E-04
6770,6.89E-04
6771,9.23E-04
6772,1.10E-03
6773,9.41E-04
6774,9.90E-04
6775,1.05E-03
6776,1.27E-03
6777,1.26E-03
6778,1.37E-03
6779,1.27E-03
6780,1.20E-03
6781,1.15E-03
6782,1.49E-03
6783,1.26E-03
6784,1.18E-03
6785,1.11E-03
6786,1.70E-03
6787,1.36E-03
6788,1.10E-03
6789,9.16E-04
6790,1.92E-03
6791,1.35E-03
6792,1.04E-03
6793,8.57E-04
6794,8.95E-04
6795,1.02E-03
6796,1.21E-03
6797,1.55E-03
6798,1.54E-03
6799,1.21E-03
6800,1.02E-03
6801,8.85E-04
6802,8.67E-04
6803,9.13E-04
6804,1.04E-03
6805,1.08E-03
6806,1.34E-03
6807,1.34E-03
6808,1.89E-03
6809,1.68E-03
6810,1.92E-03
6811,1.88E-03
6812,2.26E-03
6813,1.92E-03
6814,4.49E-04
6815,4.45E-04
6816,4.87E-04
6817,5.02E-04
6818,5.08E-04
6819,4.07E-04
6820,4.00E-04
6821,4.38E-04
6822,4.59E-04
6823,4.71E-04
6824,3.79E-04
6825,3.88E-04
6826,4.14E-04
6827,4.30E-04
6828,4.47E-04
6829,8.47E-04
6830,8.40E-04
6831,9.01E-04
6832,7.64E-04
6833,7.47E-04
6834,8.03E-04
6835,7.12E-04
6836,6.98E-04
6837,7.50E-04
6838,6.91E-04
6839,6.84E-04
6840,7.34E-04
6841,7.18E-04
6842,7.04E-04
6843,7.60E-04
6844,7.84E-04
6845,7.68E-04
6846,8.16E-04
6847,5.08E-04
6848,5.05E-04
6849,4.88E-04
6850,4.47E-04
6851,4.42E-04
6852,4.66E-04
6853,4.59E-04
6854,4.45E-04
6855,4.04E-04
6856,3.99E-04
6857,4.45E-04
6858,4.30E-04
6859,4.17E-04
6860,3.90E-04
6861,3.80E-04
6862,9.07E-04
6863,6.90E-04
6864,6.03E-04
6865,5.45E-04
6866,4.91E-04
6867,5.09E-04
6868,5.43E-04
6869,5.69E-04
6870,5.77E-04
6871,5.83E-04
6872,6.21E-04
6873,6.56E-04
6874,6.75E-04
6875,6.91E-04
6876,7.42E-04
6877,7.63E-04
6878,7.79E-04
6879,8.72E-04
6880,8.75E-04
6881,8.90E-04
6882,9.02E-04
6883,1.26E-03
6884,1.10E-03
6885,1.03E-03
6886,1.02E-03
6887,1.13E-03
6888,1.18E-03
6889,1.15E-03
6890,1.20E-03
6891,1.27E-03
6892,1.27E-03
6893,1.49E-03
6894,1.37E-03
6895,1.28E-03
6896,1.05E-03
6897,1.28E-03
6898,9.87E-04
6899,9.48E-04
6900,1.10E-03
6901,1.56E-03
6902,1.21E-03
6903,1.02E-03
6904,8.88E-04
6905,8.69E-04
6906,9.34E-04
6907,1.04E-03
6908,1.08E-03
6909,1.34E-03
6910,1.35E-03
6911,1.92E-03
6912,1.69E-03
6913,1.92E-03
6914,1.88E-03
6915,2.26E-03
6916,1.92E-03
6917,1.67E-03
6918,1.34E-03
6919,1.11E-03
6920,9.17E-04
6921,1.89E-03
6922,1.34E-03
6923,1.05E-03
6924,8.66E-04
6925,8.98E-04
6926,1.03E-03
6927,1.21E-03
6928,1.53E-03
6929,8.12E-04
6930,7.62E-04
6931,7.90E-04
6932,7.42E-04
6933,6.95E-04
6934,7.23E-04
6935,7.05E-04
6936,6.60E-04
6937,6.92E-04
6938,9.04E-04
6939,8.44E-04
6940,8.36E-04
6941,8.06E-04
6942,7.53E-04
6943,7.58E-04
6944,7.51E-04
6945,7.00E-04
6946,7.15E-04
6947,7.33E-04
6948,6.83E-04
6949,6.85E-04
6950,7.54E-04
6951,7.04E-04
6952,7.20E-04
6953,8.22E-04
6954,7.71E-04
6955,7.91E-04
6956,7.96E-04
6957,7.56E-04
6958,8.07E-04
6959,7.28E-04
6960,6.89E-04
6961,7.35E-04
6962,6.93E-04
6963,6.56E-04
6964,7.01E-04
6965,1.02E-03
6966,8.88E-04
6967,7.88E-04
6968,6.74E-04
6969,5.72E-04
6970,1.05E-03
6971,8.95E-04
6972,7.69E-04
6973,6.60E-04
6974,5.63E-04
6975,1.08E-03
6976,8.96E-04
6977,7.44E-04
6978,6.19E-04
6979,5.44E-04
6980,1.26E-03
6981,8.85E-04
6982,6.93E-04
6983,5.72E-04
6984,5.07E-04
6985,4.97E-04
6986,5.46E-04
6987,6.08E-04
6988,6.89E-04
6989,9.23E-04
6990,1.10E-03
6991,9.41E-04
6992,9.90E-04
6993,1.05E-03
6994,1.27E-03
6995,1.26E-03
6996,1.37E-03
6997,1.27E-03
6998,1.20E-03
6999,1.15E-03
7000,1.49E-03
7001,1.26E-03
7002,1.18E-03
7003,1.11E-03
7004,1.70E-03
7005,1.36E-03
7006,1.10E-03
7007,9.16E-04
7008,1.92E-03
7009,1.35E-03
7010,1.04E-03
7011,8.57E-04
7012,8.95E-04
7013,1.02E-03
7014,1.21E-03
7015,1.55E-03
7016,1.54E-03
7017,1.21E-03
7018,1.02E-03
7019,8.85E-04
7020,8.67E-04
7021,9.13E-04
7022,1.04E-03
7023,1.08E-03
7024,1.34E-03
7025,1.34E-03
7026,1.89E-03
7027,1.68E-03
7028,1.92E-03
7029,1.88E-03
7030,2.26E-03
7031,1.92E-03
7032,4.49E-04
7033,4.45E-04
7034,4.87E-04
7035,5.02E-04
7036,5.08E-04
7037,4.07E-04
7038,4.00E-04
7039,4.38E-04
7040,4.59E-04
7041,4.71E-04
7042,3.79E-04
7043,3.88E-04
7044,4.14E-04
7045,4.30E-04
7046,4.47E-04
7047,8.47E-04
7048,8.40E-04
7049,9.01E-04
7050,7.64E-04
7051,7.47E-04
7052,8.03E-04
7053,7.12E-04
7054,6.98E-04
7055,7.50E-04
7056,6.91E-04
7057,6.84E-04
7058,7.34E-04
7059,7.18E-04
7060,7.04E-04
7061,7.60E-04
7062,7.84E-04
7063,7.68E-04
7064,8.16E-04
7065,5.08E-04
7066,5.05E-04
7067,4.88E-04
7068,4.47E-04
7069,4.42E-04
7070,4.66E-04
7071,4.59E-04
7072,4.45E-04
7073,4.04E-04
7074,3.99E-04
7075,4.45E-04
7076,4.30E-04
7077,4.17E-04
7078,3.90E-04
7079,3.80E-04
7080,9.07E-04
7081,6.90E-04
7082,6.03E-04
7083,5.45E-04
7084,4.91E-04
7085,5.09E-04
7086,5.43E-04
7087,5.69E-04
7088,5.77E-04
7089,5.83E-04
7090,6.21E-04
7091,6.56E-04
7092,6.75E-04
7093,6.91E-04
7094,7.42E-04
7095,7.63E-04
7096,7.79E-04
7097,8.72E-04
7098,8.75E-04
7099,8.90E-04
7100,9.02E-04
7101,1.26E-03
7102,1.10E-03
7103,1.03E-03
7104,1.02E-03
7105,1.13E-03
7106,1.18E-03
7107,1.15E-03
7108,1.20E-03
7109,1.27E-03
7110,1.27E-03
7111,1.49E-03
7112,1.37E-03
7113,1.28E-03
7114,1.05E-03
7115,1.28E-03
7116,9.87E-04
7117,9.48E-04
7118,1.10E-03
7119,1.56E-03
7120,1.21E-03
7121,1.02E-03
7122,8.88E-04
7123,8.69E-04
7124,9.34E-04
7125,1.04E-03
7126,1.08E-03
7127,1.34E-03
7128,1.35E-03
7129,1.92E-03
7130,1.69E-03
7131,1.92E-03
7132,1.88E-03
7133,2.26E-03
7134,1.92E-03
7135,1.67E-03
7136,1.34E-03
7137,1.11E-03
7138,9.17E-04
7139,1.89E-03
7140,1.34E-03
7141,1.05E-03
7142,8.66E-04
7143,8.98E-04
7144,1.03E-03
7145,1.21E-03
7146,1.53E-03
7147,8.12E-04
7148,7.62E-04
7149,7.90E-04
7150,7.42E-04
7151,6.95E-04
7152,7.23E-04
7153,7.05E-04
7154,6.60E-04
7155,6.92E-04
7156,9.04E-04
7157,8.44E-04
7158,8.36E-04
7159,8.06E-04
7160,7.53E-04
7161,7.58E-04
7162,7.51E-04
7163,7.00E-04
7164,7.15E-04
7165,7.33E-04
7166,6.83E-04
7167,6.85E-04
7168,7.54E-04
7169,7.04E-04
7170,7.20E-04
7171,8.22E-04
7172,7.71E-04
7173,7.91E-04
7174,7.96E-04
7175,7.56E-04
7176,8.07E-04
7177,7.28E-04
7178,6.89E-04
7179,7.35E-04
7180,6.93E-04
7181,6.56E-04
7182,7.01E-04
7183,1.02E-03
7184,8.88E-04
7185,7.88E-04
7186,6.74E-04
7187,5.72E-04
7188,1.05E-03
7189,8.95E-04
7190,7.69E-04
7191,6.60E-04
7192,5.63E-04
7193,1.08E-03
7194,8.96E-04
7195,7.44E-04
7196,6.19E-04
7197,5.44E-04
7198,1.26E-03
7199,8.85E-04
7200,6.93E-04
7201,5.72E-04
7202,5.07E-04
7203,4.97E-04
7204,5.46E-04
7205,6.08E-04
7206,6.89E-04
7207,9.23E-04
7208,1.10E-03
7209,9.41E-04
7210,9.90E-04
7211,1.05E-03
7212,1.27E-03
7213,1.26E-03
7214,1.37E-03
7215,1.27E-03
7216,1.20E-03
7217,1.15E-03
7218,1.49E-03
7219,1.26E-03
7220,1.18E-03
7221,1.11E-03
7222,1.70E-03
7223,1.36E-03
7224,1.10E-03
7225,9.16E-04
7226,1.92E-03
7227,1.35E-03
7228,1.04E-03
7229,8.57E-04
7230,8.95E-04
7231,1.02E-03
7232,1.21E-03
7233,1.55E-03
7234,1.54E-03
7235,1.21E-03
7236,1.02E-03
7237,8.85E-04
7238,8.67E-04
7239,9.13E-04
7240,1.04E-03
7241,1.08E-03
7242,1.34E-03
7243,1.34E-03
7244,1.89E-03
7245,1.68E-03
7246,1.92E-03
7247,1.88E-03
7248,2.26E-03
7249,1.92E-03
7250,4.49E-04
7251,4.45E-04
7252,4.87E-04
7253,5.02E-04
7254,5.08E-04
7255,4.07E-04
7256,4.00E-04
7257,4.38E-04
7258,4.59E-04
7259,4.71E-04
7260,3.79E-04
7261,3.88E-04
7262,4.14E-04
7263,4.30E-04
7264,4.47E-04
7265,8.47E-04
7266,8.40E-04
7267,9.01E-04
7268,7.64E-04
7269,7.47E-04
7270,8.03E-04
7271,7.12E-04
7272,6.98E-04
7273,7.50E-04
7274,6.91E-04
7275,6.84E-04
7276,7.34E-04
7277,7.18E-04
7278,7.04E-04
7279,7.60E-04
7280,7.84E-04
7281,7.68E-04
7282,8.16E-04
7283,5.08E-04
7284,5.05E-04
7285,4.88E-04
7286,4.47E-04
7287,4.42E-04
7288,4.66E-04
7289,4.59E-04
7290,4.45E-04
7291,4.04E-04
7292,3.99E-04
7293,4.45E-04
7294,4.30E-04
7295,4.17E-04
7296,3.90E-04
7297,3.80E-04
7298,9.07E-04
7299,6.90E-04
7300,6.03E-04
7301,5.45E-04
7302,4.91E-04
7303,5.09E-04
7304,5.43E-04
7305,5.69E-04
7306,5.77E-04
7307,5.83E-04
7308,6.21E-04
7309,6.56E-04
7310,6.75E-04
7311,6.91E-04
7312,7.42E-04
7313,7.63E-04
7314,7.79E-04
7315,8.72E-04
7316,8.75E-04
7317,8.90E-04
7318,9.02E-04
7319,1.26E-03
7320,1.10E-03
7321,1.03E-03
7322,1.02E-03
7323,1.13E-03
7324,1.18E-03
7325,1.15E-03
7326,1.20E-03
7327,1.27E-03
7328,1.27E-03
7329,1.49E-03
7330,1.37E-03
7331,1.28E-03
7332,1.05E-03
7333,1.28E-03
7334,9.87E-04
7335,9.48E-04
7336,1.10E-03
7337,1.56E-03
7338,1.21E-03
7339,1.02E-03
7340,8.88E-04
7341,8.69E-04
7342,9.34E-04
7343,1.04E-03
7344,1.08E-03
7345,1.34E-03
7346,1.35E-03
7347,1.92E-03
7348,1.69E-03
7349,1.92E-03
7350,1.88E-03
7351,2.26E-03
7352,1.92E-03
7353,1.67E-03
7354,1.34E-03
7355,1.11E-03
7356,9.17E-04
7357,1.89E-03
7358,1.34E-03
7359,1.05E-03
7360,8.66E-04
7361,8.98E-04
7362,1.03E-03
7363,1.21E-03
7364,1.53E-03
7365,8.12E-04
7366,7.62E-04
7367,7.90E-04
7368,7.42E-04
7369,6.95E-04
7370,7.23E-04
7371,7.05E-04
7372,6.60E-04
7373,6.92E-04
7374,9.04E-04
7375,8.44E-04
7376,8.36E-04
7377,8.06E-04
7378,7.53E-04
7379,7.58E-04
7380,7.51E-04
7381,7.00E-04
7382,7.15E-04
7383,7.33E-04
7384,6.83E-04
7385,6.85E-04
7386,7.54E-04
7387,7.04E-04
7388,7.20E-04
7389,8.22E-04
7390,7.71E-04
7391,7.91E-04
7392,7.96E-04
7393,7.56E-04
7394,8.07E-04
7395,7.28E-04
7396,6.89E-04
7397,7.35E-04
7398,6.93E-04
7399,6.56E-04
7400,7.01E-04
7401,1.02E-03
7402,8.88E-04
7403,7.88E-04
7404,6.74E-04
7405,5.72E-04
7406,1.05E-03
7407,8.95E-04
7408,7.69E-04
7409,6.60E-04
7410,5.63E-04
7411,1.08E-03
7412,8.96E-04
7413,7.44E-04
7414,6.19E-04
7415,5.44E-04
7416,1.26E-03
7417,8.85E-04
7418,6.93E-04
7419,5.72E-04
7420,5.07E-04
7421,4.97E-04
7422,5.46E-04
7423,6.08E-04
7424,6.89E-04
7425,9.23E-04
7426,1.10E-03
7427,9.41E-04
7428,9.90E-04
7429,1.05E-03
7430,1.27E-03
7431,1.26E-03
7432,1.37E-03
7433,1.27E-03
7434,1.20E-03
7435,1.15E-03
7436,1.49E-03
7437,1.26E-03
7438,1.18E-03
7439,1.11E-03
7440,1.70E-03
7441,1.36E-03
7442,1.10E-03
7443,9.16E-04
7444,1.92E-03
7445,1.35E-03
7446,1.04E-03
7447,8.57E-04
7448,8.95E-04
7449,1.02E-03
7450,1.21E-03
7451,1.55E-03
7452,1.54E-03
7453,1.21E-03
7454,1.02E-03
7455,8.85E-04
7456,8.67E-04
7457,9.13E-04
7458,1.04E-03
7459,1.08E-03
7460,1.34E-03
7461,1.34E-03
7462,1.89E-03
7463,1.68E-03
7464,1.92E-03
7465,1.88E-03
7466,2.26E-03
7467,1.92E-03
7468,4.49E-04
7469,4.45E-04
7470,4.87E-04
7471,5.02E-04
7472,5.08E-04
7473,4.07E-04
7474,4.00E-04
7475,4.38E-04
7476,4.59E-04
7477,4.71E-04
7478,3.79E-04
7479,3.88E-04
7480,4.14E-04
7481,4.30E-04
7482,4.47E-04
7483,8.47E-04
7484,8.40E-04
7485,9.01E-04
7486,7.64E-04
7487,7.47E-04
7488,8.03E-04
7489,7.12E-04
7490,6.98E-04
7491,7.50E-04
7492,6.91E-04
7493,6.84E-04
7494,7.34E-04
7495,7.18E-04
7496,7.04E-04
7497,7.60E-04
7498,7.84E-04
7499,7.68E-04
7500,8.16E-04
7501,5.08E-04
7502,5.05E-04
7503,4.88E-04
7504,4.47E-04
7505,4.42E-04
7506,4.66E-04
7507,4.59E-04
7508,4.45E-04
7509,4.04E-04
7510,3.99E-04
7511,4.45E-04
7512,4.30E-04
7513,4.17E-04
7514,3.90E-04
7515,3.80E-04
7516,9.07E-04
7517,6.90E-04
7518,6.03E-04
7519,5.45E-04
7520,4.91E-04
7521,5.09E-04
7522,5.43E-04
7523,5.69E-04
7524,5.77E-04
7525,5.83E-04
7526,6.21E-04
7527,6.56E-04
7528,6.75E-04
7529,6.91E-04
7530,7.42E-04
7531,7.63E-04
7532,7.79E-04
7533,8.72E-04
7534,8.75E-04
7535,8.90E-04
7536,9.02E-04
7537,1.26E-03
7538,1.10E-03
7539,1.03E-03
7540,1.02E-03
7541,1.13E-03
7542,1.18E-03
7543,1.15E-03
7544,1.20E-03
7545,1.27E-03
7546,1.27E-03
7547,1.49E-03
7548,1.37E-03
7549,1.28E-03
7550,1.05E-03
7551,1.28E-03
7552,9.87E-04
7553,9.48E-04
7554,1.10E-03
7555,1.56E-03
7556,1.21E-03
7557,1.02E-03
7558,8.88E-04
7559,8.69E-04
7560,9.34E-04
7561,1.04E-03
7562,1.08E-03
7563,1.34E-03
7564,1.35E-03
7565,1.92E-03
7566,1.69E-03
7567,1.92E-03
7568,1.88E-03
7569,2.26E-03
7570,1.92E-03
7571,1.67E-03
7572,1.34E-03
7573,1.11E-03
7574,9.17E-04
7575,1.89E-03
7576,1.34E-03
7577,1.05E-03
7578,8.66E-04
7579,8.98E-04
7580,1.03E-03
7581,1.21E-03
7582,1.53E-03
7583,8.12E-04
7584,7.62E-04
7585,7.90E-04
7586,7.42E-04
7587,6.95E-04
7588,7.23E-04
7589,7.05E-04
7590,6.60E-04
7591,6.92E-04
7592,9.04E-04
7593,8.44E-04
7594,8.36E-04
7595,8.06E-04
7596,7.53E-04
7597,7.58E-04
7598,7.51E-04
7599,7.00E-04
7600,7.15E-04
7601,7.33E-04
7602,6.83E-04
7603,6.85E-04
7604,7.54E-04
7605,7.04E-04
7606,7.20E-04
7607,8.22E-04
7608,7.71E-04
7609,7.91E-04
7610,7.96E-04
7611,7.56E-04
7612,8.07E-04
7613,7.28E-04
7614,6.89E-04
7615,7.35E-04
7616,6.93E-04
7617,6.56E-04
7618,7.01E-04
7619,1.02E-03
7620,8.88E-04
7621,7.88E-04
7622,6.74E-04
7623,5.72E-04
7624,1.05E-03
7625,8.95E-04
7626,7.69E-04
7627,6.60E-04
7628,5.63E-04
7629,1.08E-03
7630,8.96E-04
7631,7.44E-04
7632,6.19E-04
7633,5.44E-04
7634,1.26E-03
7635,8.85E-04
7636,6.93E-04
7637,5.72E-04
7638,5.07E-04
7639,4.97E-04
7640,5.46E-04
7641,6.08E-04
7642,6.89E-04
7643,9.23E-04
7644,1.10E-03
7645,9.41E-04
7646,9.90E-04
7647,1.05E-03
7648,1.27E-03
7649,1.26E-03
7650,1.37E-03
7651,1.27E-03
7652,1.20E-03
7653,1.15E-03
7654,1.49E-03
7655,1.26E-03
7656,1.18E-03
7657,1.11E-03
7658,1.70E-03
7659,1.36E-03
7660,1.10E-03
7661,9.16E-04
7662,1.92E-03
7663,1.35E-03
7664,1.04E-03
7665,8.57E-04
7666,8.95E-04
7667,1.02E-03
7668,1.21E-03
7669,1.55E-03
7670,1.54E-03
7671,1.21E-03
7672,1.02E-03
7673,8.85E-04
7674,8.67E-04
7675,9.13E-04
7676,1.04E-03
7677,1.08E-03
7678,1.34E-03
7679,1.34E-03
7680,1.89E-03
7681,1.68E-03
7682,1.92E-03
7683,1.88E-03
7684,2.26E-03
7685,1.92E-03
7686,4.49E-04
7687,4.45E-04
7688,4.87E-04
7689,5.02E-04
7690,5.08E-04
7691,4.07E-04
7692,4.00E-04
7693,4.38E-04
7694,4.59E-04
7695,4.71E-04
7696,3.79E-04
7697,3.88E-04
7698,4.14E-04
7699,4.30E-04
7700,4.47E-04
7701,8.47E-04
7702,8.40E-04
7703,9.01E-04
7704,7.64E-04
7705,7.47E-04
7706,8.03E-04
7707,7.12E-04
7708,6.98E-04
7709,7.50E-04
7710,6.91E-04
7711,6.84E-04
7712,7.34E-04
7713,7.18E-04
7714,7.04E-04
7715,7.60E-04
7716,7.84E-04
7717,7.68E-04
7718,8.16E-04
7719,5.08E-04
7720,5.05E-04
7721,4.88E-04
7722,4.47E-04
7723,4.42E-04
7724,4.66E-04
7725,4.59E-04
7726,4.45E-04
7727,4.04E-04
7728,3.99E-04
7729,4.45E-04
7730,4.30E-04
7731,4.17E-04
7732,3.90E-04
7733,3.80E-04
7734,9.07E-04
7735,6.90E-04
7736,6.03E-04
7737,5.45E-04
7738,4.91E-04
7739,5.09E-04
7740,5.43E-04
7741,5.69E-04
7742,5.77E-04
7743,5.83E-04
7744,6.21E-04
7745,6.56E-04
7746,6.75E-04
7747,6.91E-04
7748,7.42E-04
7749,7.63E-04
7750,7.79E-04
7751,8.72E-04
7752,8.75E-04
7753,8.90E-04
7754,9.02E-04
7755,1.26E-03
7756,1.10E-03
7757,1.03E-03
7758,1.02E-03
7759,1.13E-03
7760,1.18E-03
7761,1.15E-03
7762,1.20E-03
7763,1.27E-03
7764,1.27E-03
7765,1.49E-03
7766,1.37E-03
7767,1.28E-03
7768,1.05E-03
7769,1.28E-03
7770,9.87E-04
7771,9.48E-04
7772,1.10E-03
7773,1.56E-03
7774,1.21E-03
7775,1.02E-03
7776,8.88E-04
7777,8.69E-04
7778,9.34E-04
7779,1.04E-03
7780,1.08E-03
7781,1.34E-03
7782,1.35E-03
7783,1.92E-03
7784,1.69E-03
7785,1.92E-03
7786,1.88E-03
7787,2.26E-03
7788,1.92E-03
7789,1.67E-03
7790,1.34E-03
7791,1.11E-03
7792,9.17E-04
7793,1.89E-03
7794,1.34E-03
7795,1.05E-03
7796,8.66E-04
7797,8.98E-04
7798,1.03E-03
7799,1.21E-03
7800,1.53E-03
7801,8.12E-04
7802,7.62E-04
7803,7.90E-04
7804,7.42E-04
7805,6.95E-04
7806,7.23E-04
7807,7.05E-04
7808,6.60E-04
7809,6.92E-04
7810,9.04E-04
7811,8.44E-04
7812,8.36E-04
7813,8.06E-04
7814,7.53E-04
7815,7.58E-04
7816,7.51E-04
7817,7.00E-04
7818,7.15E-04
7819,7.33E-04
7820,6.83E-04
7821,6.85E-04
7822,7.54E-04
7823,7.04E-04
7824,7.20E-04
7825,8.22E-04
7826,7.71E-04
7827,7.91E-04
7828,7.96E-04
7829,7.56E-04
7830,8.07E-04
7831,7.28E-04
7832,6.89E-04
7833,7.35E-04
7834,6.93E-04
7835,6.56E-04
7836,7.01E-04
7837,1.02E-03
7838,8.88E-04
7839,7.88E-04
7840,6.74E-04
7841,5.72E-04
7842,1.05E-03
7843,8.95E-04
7844,7.69E-04
7845,6.60E-04
7846,5.63E-04
7847,1.08E-03
7848,8.96E-04
7849,7.44E-04
7850,6.19E-04
7851,5.44E-04
7852,1.26E-03
7853,8.85E-04
7854,6.93E-04
7855,5.72E-04
7856,5.07E-04
7857,4.97E-04
7858,5.46E-04
7859,6.08E-04
7860,6.89E-04
7861,9.23E-04
7862,1.10E-03
7863,9.41E-04
7864,9.90E-04
7865,1.05E-03
7866,1.27E-03
7867,1.26E-03
7868,1.37E-03
7869,1.27E-03
7870,1.20E-03
7871,1.15E-03
7872,1.49E-03
7873,1.26E-03
7874,1.18E-03
7875,1.11E-03
7876,1.70E-03
7877,1.36E-03
7878,1.10E-03
7879,9.16E-04
7880,1.92E-03
7881,1.35E-03
7882,1.04E-03
7883,8.57E-04
7884,8.95E-04
7885,1.02E-03
7886,1.21E-03
7887,1.55E-03
7888,1.54E-03
7889,1.21E-03
7890,1.02E-03
7891,8.85E-04
7892,8.67E-04
7893,9.13E-04
7894,1.04E-03
7895,1.08E-03
7896,1.34E-03
7897,1.34E-03
7898,1.89E-03
7899,1.68E-03
7900,1.92E-03
7901,1.88E-03
7902,2.26E-03
7903,1.92E-03
7904,4.49E-04
7905,4.45E-04
7906,4.87E-04
7907,5.02E-04
7908,5.08E-04
7909,4.07E-04
7910,4.00E-04
7911,4.38E-04
7912,4.59E-04
7913,4.71E-04
7914,3.79E-04
7915,3.88E-04
7916,4.14E-04
7917,4.30E-04
7918,4.47E-04
7919,8.47E-04
7920,8.40E-04
7921,9.01E-04
7922,7.64E-04
7923,7.47E-04
7924,8.03E-04
7925,7.12E-04
7926,6.98E-04
7927,7.50E-04
7928,6.91E-04
7929,6.84E-04
7930,7.34E-04
7931,7.18E-04
7932,7.04E-04
7933,7.60E-04
7934,7.84E-04
7935,7.68E-04
7936,8.16E-04
7937,5.08E-04
7938,5.05E-04
7939,4.88E-04
7940,4.47E-04
7941,4.42E-04
7942,4.66E-04
7943,4.59E-04
7944,4.45E-04
7945,4.04E-04
7946,3.99E-04
7947,4.45E-04
7948,4.30E-04
7949,4.17E-04
7950,3.90E-04
7951,3.80E-04
7952,9.07E-04
7953,6.90E-04
7954,6.03E-04
7955,5.45E-04
7956,4.91E-04
7957,5.09E-04
7958,5.43E-04
7959,5.69E-04
7960,5.77E-04
7961,5.83E-04
7962,6.21E-04
7963,6.56E-04
7964,6.75E-04
7965,6.91E-04
7966,7.42E-04
7967,7.63E-04
7968,7.79E-04
7969,8.72E-04
7970,8.75E-04
7971,8.90E-04
7972,9.02E-04
7973,1.26E-03
7974,1.10E-03
7975,1.03E-03
7976,1.02E-03
7977,1.13E-03
7978,1.18E-03
7979,1.15E-03
7980,1.20E-03
7981,1.27E-03
7982,1.27E-03
7983,1.49E-03
7984,1.37E-03
7985,1.28E-03
7986,1.05E-03
7987,1.28E-03
7988,9.87E-04
7989,9.48E-04
7990,1.10E-03
7991,1.56E-03
7992,1.21E-03
7993,1.02E-03
7994,8.88E-04
7995,8.69E-04
7996,9.34E-04
7997,1.04E-03
7998,1.08E-03
7999,1.34E-03
8000,1.35E-03
8001,1.92E-03
8002,1.69E-03
8003,1.92E-03
8004,1.88E-03
8005,2.26E-03
8006,1.92E-03
8007,1.67E-03
8008,1.34E-03
8009,1.11E-03
8010,9.17E-04
8011,1.89E-03
8012,1.34E-03
8013,1.05E-03
8014,8.66E-04
8015,8.98E-04
8016,1.03E-03
8017,1.21E-03
8018,1.53E-03
8019,8.12E-04
8020,7.62E-04
8021,7.90E-04
8022,7.42E-04
8023,6.95E-04
8024,7.23E-04
8025,7.05E-04
8026,6.60E-04
8027,6.92E-04
8028,9.04E-04
8029,8.44E-04
8030,8.36E-04
8031,8.06E-04
8032,7.53E-04
8033,7.58E-04
8034,7.51E-04
8035,7.00E-04
8036,7.15E-04
8037,7.33E-04
8038,6.83E-04
8039,6.85E-04
8040,7.54E-04
8041,7.04E-04
8042,7.20E-04
8043,8.22E-04
8044,7.71E-04
8045,7.91E-04
8046,7.96E-04
8047,7.56E-04
8048,8.07E-04
8049,7.28E-04
8050,6.89E-04
8051,7.35E-04
8052,6.93E-04
8053,6.56E-04
8054,7.01E-04
8055,1.02E-03
8056,8.88E-04
8057,7.88E-04
8058,6.74E-04
8059,5.72E-04
8060,1.05E-03
8061,8.95E-04
8062,7.69E-04
8063,6.60E-04
8064,5.63E-04
8065,1.08E-03
8066,8.96E-04
8067,7.44E-04
8068,6.19E-04
8069,5.44E-04
8070,1.26E-03
8071,8.85E-04
8072,6.93E-04
8073,5.72E-04
8074,5.07E-04
8075,4.97E-04
8076,5.46E-04
8077,6.08E-04
8078,6.89E-04
8079,9.23E-04
8080,1.10E-03
8081,9.41E-04
8082,9.90E-04
8083,1.05E-03
8084,1.27E-03
8085,1.26E-03
8086,1.37E-03
8087,1.27E-03
8088,1.20E-03
8089,1.15E-03
8090,1.49E-03
8091,1.26E-03
8092,1.18E-03
8093,1.11E-03
8094,1.70E-03
8095,1.36E-03
8096,1.10E-03
8097,9.16E-04
8098,1.92E-03
8099,1.35E-03
8100,1.04E-03
8101,8.57E-04
8102,8.95E-04
8103,1.02E-03
8104,1.21E-03
8105,1.55E-03
8106,1.54E-03
8107,1.21E-03
8108,1.02E-03
8109,8.85E-04
8110,8.67E-04
8111,9.13E-04
8112,1.04E-03
8113,1.08E-03
8114,1.34E-03
8115,1.34E-03
8116,1.89E-03
8117,1.68E-03
8118,1.92E-03
8119,1.88E-03
8120,2.26E-03
8121,1.92E-03
8122,4.49E-04
8123,4.45E-04
8124,4.87E-04
8125,5.02E-04
8126,5.08E-04
8127,4.07E-04
8128,4.00E-04
8129,4.38E-04
8130,4.59E-04
8131,4.71E-04
8132,3.79E-04
8133,3.88E-04
8134,4.14E-04
8135,4.30E-04
8136,4.47E-04
8137,8.47E-04
8138,8.40E-04
8139,9.01E-04
8140,7.64E-04
8141,7.47E-04
8142,8.03E-04
8143,7.12E-04
8144,6.98E-04
8145,7.50E-04
8146,6.91E-04
8147,6.84E-04
8148,7.34E-04
8149,7.18E-04
8150,7.04E-04
8151,7.60E-04
8152,7.84E-04
8153,7.68E-04
8154,8.16E-04
8155,5.08E-04
8156,5.05E-04
8157,4.88E-04
8158,4.47E-04
8159,4.42E-04
8160,4.66E-04
8161,4.59E-04
8162,4.45E-04
8163,4.04E-04
8164,3.99E-04
8165,4.45E-04
8166,4.30E-04
8167,4.17E-04
8168,3.90E-04
8169,3.80E-04
8170,9.07E-04
8171,6.90E-04
8172,6.03E-04
8173,5.45E-04
8174,4.91E-04
8175,5.09E-04
8176,5.43E-04
8177,5.69E-04
8178,5.77E-04
8179,5.83E-04
8180,6.21E-04
8181,6.56E-04
8182,6.75E-04
8183,6.91E-04
8184,7.42E-04
8185,7.63E-04
8186,7.79E-04
8187,8.72E-04
8188,8.75E-04
8189,8.90E-04
8190,9.02E-04
8191,1.26E-03
8192,1.10E-03
8193,1.03E-03
8194,1.02E-03
8195,1.13E-03
8196,1.18E-03
8197,1.15E-03
8198,1.20E-03
8199,1.27E-03
8200,1.27E-03
8201,1.49E-03
8202,1.37E-03
8203,1.28E-03
8204,1.05E-03
8205,1.28E-03
8206,9.87E-04
8207,9.48E-04
8208,1.10E-03
8209,1.56E-03
8210,1.21E-03
8211,1.02E-03
8212,8.88E-04
8213,8.69E-04
8214,9.34E-04
8215,1.04E-03
8216,1.08E-03
8217,1.34E-03
8218,1.35E-03
8219,1.92E-03
8220,1.69E-03
8221,1.92E-03
8222,1.88E-03
8223,2.26E-03
8224,1.92E-03
8225,1.67E-03
8226,1.34E-03
8227,1.11E-03
8228,9.17E-04
8229,1.89E-03
8230,1.34E-03
8231,1.05E-03
8232,8.66E-04
8233,8.98E-04
8234,1.03E-03
8235,1.21E-03
8236,1.53E-03
8237,8.12E-04
8238,7.62E-04
8239,7.90E-04
8240,7.42E-04
8241,6.95E-04
8242,7.23E-04
8243,7.05E-04
8244,6.60E-04
8245,6.92E-04
8246,9.04E-04
8247,8.44E-04
8248,8.36E-04
8249,8.06E-04
8250,7.53E-04
8251,7.58E-04
8252,7.51E-04
8253,7.00E-04
8254,7.15E-04
8255,7.33E-04
8256,6.83E-04
8257,6.85E-04
8258,7.54E-04
8259,7.04E-04
8260,7.20E-04
8261,8.22E-04
8262,7.71E-04
8263,7.91E-04
8264,7.96E-04
8265,7.56E-04
8266,8.07E-04
8267,7.28E-04
8268,6.89E-04
8269,7.35E-04
8270,6.93E-04
8271,6.56E-04
8272,7.01E-04
8273,1.02E-03
8274,8.88E-04
8275,7.88E-04
8276,6.74E-04
8277,5.72E-04
8278,1.05E-03
8279,8.95E-04
8280,7.69E-04
8281,6.60E-04
8282,5.63E-04
8283,1.08E-03
8284,8.96E-04
8285,7.44E-04
8286,6.19E-04
8287,5.44E-04
8288,1.26E-03
8289,8.85E-04
8290,6.93E-04
8291,5.72E-04
8292,5.07E-04
8293,4.97E-04
8294,5.46E-04
8295,6.08E-04
8296,6.89E-04
8297,9.23E-04
8298,1.10E-03
8299,9.41E-04
8300,9.90E-04
8301,1.05E-03
8302,1.27E-03
8303,1.26E-03
8304,1.37E-03
8305,1.27E-03
8306,1.20E-03
8307,1.15E-03
8308,1.49E-03
8309,1.26E-03
8310,1.18E-03
8311,1.11E-03
8312,1.70E-03
8313,1.36E-03
8314,1.10E-03
8315,9.16E-04
8316,1.92E-03
8317,1.35E-03
8318,1.04E-03
8319,8.57E-04
8320,8.95E-04
8321,1.02E-03
8322,1.21E-03
8323,1.55E-03
8324,1.54E-03
8325,1.21E-03
8326,1.02E-03
8327,8.85E-04
8328,8.67E-04
8329,9.13E-04
8330,1.04E-03
8331,1.08E-03
8332,1.34E-03
8333,1.34E-03
8334,1.89E-03
8335,1.68E-03
8336,1.92E-03
8337,1.88E-03
8338,2.26E-03
8339,1.92E-03
8340,4.49E-04
8341,4.45E-04
8342,4.87E-04
8343,5.02E-04
8344,5.08E-04
8345,4.07E-04
8346,4.00E-04
8347,4.38E-04
8348,4.59E-04
8349,4.71E-04
8350,3.79E-04
8351,3.88E-04
8352,4.14E-04
8353,4.30E-04
8354,4.47E-04
8355,8.47E-04
8356,8.40E-04
8357,9.01E-04
8358,7.64E-04
8359,7.47E-04
8360,8.03E-04
8361,7.12E-04
8362,6.98E-04
8363,7.50E-04
8364,6.91E-04
8365,6.84E-04
8366,7.34E-04
8367,7.18E-04
8368,7.04E-04
8369,7.60E-04
8370,7.84E-04
8371,7.68E-04
8372,8.16E-04
8373,5.08E-04
8374,5.05E-04
8375,4.88E-04
8376,4.47E-04
8377,4.42E-04
8378,4.66E-04
8379,4.59E-04
8380,4.45E-04
8381,4.04E-04
8382,3.99E-04
8383,4.45E-04
8384,4.30E-04
8385,4.17E-04
8386,3.90E-04
8387,3.80E-04
8388,9.07E-04
8389,6.90E-04
8390,6.03E-04
8391,5.45E-04
8392,4.91E-04
8393,5.09E-04
8394,5.43E-04
8395,5.69E-04
8396,5.77E-04
8397,5.83E-04
8398,6.21E-04
8399,6.56E-04
8400,6.75E-04
8401,6.91E-04
8402,7.42E-04
8403,7.63E-04
8404,7.79E-04
8405,8.72E-04
8406,8.75E-04
8407,8.90E-04
8408,9.02E-04
8409,1.26E-03
8410,1.10E-03
8411,1.03E-03
8412,1.02E-03
8413,1.13E-03
8414,1.18E-03
8415,1.15E-03
8416,1.20E-03
8417,1.27E-03
8418,1.27E-03
8419,1.49E-03
8420,1.37E-03
8421,1.28E-03
8422,1.05E-03
8423,1.28E-03
8424,9.87E-04
8425,9.48E-04
8426,1.10E-03
8427,1.56E-03
8428,1.21E-03
8429,1.02E-03
8430,8.88E-04
8431,8.69E-04
8432,9.34E-04
8433,1.04E-03
8434,1.08E-03
8435,1.34E-03
8436,1.35E-03
8437,1.92E-03
8438,1.69E-03
8439,1.92E-03
8440,1.88E-03
8441,2.26E-03
8442,1.92E-03
8443,1.67E-03
8444,1.34E-03
8445,1.11E-03
8446,9.17E-04
8447,1.89E-03
8448,1.34E-03
8449,1.05E-03
8450,8.66E-04
8451,8.98E-04
8452,1.03E-03
8453,1.21E-03
8454,1.53E-03
8455,8.12E-04
8456,7.62E-04
8457,7.90E-04
8458,7.42E-04
8459,6.95E-04
8460,7.23E-04
8461,7.05E-04
8462,6.60E-04
8463,6.92E-04
8464,9.04E-04
8465,8.44E-04
8466,8.36E-04
8467,8.06E-04
8468,7.53E-04
8469,7.58E-04
8470,7.51E-04
8471,7.00E-04
8472,7.15E-04
8473,7.33E-04
8474,6.83E-04
8475,6.85E-04
8476,7.54E-04
8477,7.04E-04
8478,7.20E-04
8479,8.22E-04
8480,7.71E-04
8481,7.91E-04
8482,7.96E-04
8483,7.56E-04
8484,8.07E-04
8485,7.28E-04
8486,6.89E-04
8487,7.35E-04
8488,6.93E-04
8489,6.56E-04
8490,7.01E-04
8491,1.02E-03
8492,8.88E-04
8493,7.88E-04
8494,6.74E-04
8495,5.72E-04
8496,1.05E-03
8497,8.95E-04
8498,7.69E-04
8499,6.60E-04
8500,5.63E-04
8501,1.08E-03
8502,8.96E-04
8503,7.44E-04
8504,6.19E-04
8505,5.44E-04
8506,1.26E-03
8507,8.85E-04
8508,6.93E-04
8509,5.72E-04
8510,5.07E-04
8511,4.97E-04
8512,5.46E-04
8513,6.08E-04
8514,6.89E-04
8515,9.23E-04
8516,1.10E-03
8517,9.41E-04
8518,9.90E-04
8519,1.05E-03
8520,1.27E-03
8521,1.26E-03
8522,1.37E-03
8523,1.27E-03
8524,1.20E-03
8525,1.15E-03
8526,1.49E-03
8527,1.26E-03
8528,1.18E-03
8529,1.11E-03
8530,1.70E-03
8531,1.36E-03
8532,1.10E-03
8533,9.16E-04
8534,1.92E-03
8535,1.35E-03
8536,1.04E-03
8537,8.57E-04
8538,8.95E-04
8539,1.02E-03
8540,1.21E-03
8541,1.55E-03
8542,1.54E-03
8543,1.21E-03
8544,1.02E-03
8545,8.85E-04
8546,8.67E-04
8547,9.13E-04
8548,1.04E-03
8549,1.08E-03
8550,1.34E-03
8551,1.34E-03
8552,1.89E-03
8553,1.68E-03
8554,1.92E-03
8555,1.88E-03
8556,2.26E-03
8557,1.92E-03
8558,4.49E-04
8559,4.45E-04
8560,4.87E-04
8561,5.02E-04
8562,5.08E-04
8563,4.07E-04
8564,4.00E-04
8565,4.38E-04
8566,4.59E-04
8567,4.71E-04
8568,3.79E-04
8569,3.88E-04
8570,4.14E-04
8571,4.30E-04
8572,4.47E-04
8573,8.47E-04
8574,8.40E-04
8575,9.01E-04
8576,7.64E-04
8577,7.47E-04
8578,8.03E-04
8579,7.12E-04
8580,6.98E-04
8581,7.50E-04
8582,6.91E-04
8583,6.84E-04
8584,7.34E-04
8585,7.18E-04
8586,7.04E-04
8587,7.60E-04
8588,7.84E-04
8589,7.68E-04
8590,8.16E-04
8591,5.08E-04
8592,5.05E-04
8593,4.88E-04
8594,4.47E-04
8595,4.42E-04
8596,4.66E-04
8597,4.59E-04
8598,4.45E-04
8599,4.04E-04
8600,3.99E-04
8601,4.45E-04
8602,4.30E-04
8603,4.17E-04
8604,3.90E-04
8605,3.80E-04
8606,9.07E-04
8607,6.90E-04
8608,6.03E-04
8609,5.45E-04
8610,4.91E-04
8611,5.09E-04
8612,5.43E-04
8613,5.69E-04
8614,5.77E-04
8615,5.83E-04
8616,6.21E-04
8617,6.56E-04
8618,6.75E-04
8619,6.91E-04
8620,7.42E-04
8621,7.63E-04
8622,7.79E-04
8623,8.72E-04
8624,8.75E-04
8625,8.90E-04
8626,9.02E-04
8627,1.26E-03
8628,1.10E-03
8629,1.03E-03
8630,1.02E-03
8631,1.13E-03
8632,1.18E-03
8633,1.15E-03
8634,1.20E-03
8635,1.27E-03
8636,1.27E-03
8637,1.49E-03
8638,1.37E-03
8639,1.28E-03
8640,1.05E-03
8641,1.28E-03
8642,9.87E-04
8643,9.48E-04
8644,1.10E-03
8645,1.56E-03
8646,1.21E-03
8647,1.02E-03
8648,8.88E-04
8649,8.69E-04
8650,9.34E-04
8651,1.04E-03
8652,1.08E-03
8653,1.34E-03
8654,1.35E-03
8655,1.92E-03
8656,1.69E-03
8657,1.92E-03
8658,1.88E-03
8659,2.26E-03
8660,1.92E-03
8661,1.67E-03
8662,1.34E-03
8663,1.11E-03
8664,9.17E-04
8665,1.89E-03
8666,1.34E-03
8667,1.05E-03
8668,8.66E-04
8669,8.98E-04
8670,1.03E-03
8671,1.21E-03
8672,1.53E-03
8673,8.12E-04
8674,7.62E-04
8675,7.90E-04
8676,7.42E-04
8677,6.95E-04
8678,7.23E-04
8679,7.05E-04
8680,6.60E-04
8681,6.92E-04
8682,9.04E-04
8683,8.44E-04
8684,8.36E-04
8685,8.06E-04
8686,7.53E-04
8687,7.58E-04
8688,7.51E-04
8689,7.00E-04
8690,7.15E-04
8691,7.33E-04
8692,6.83E-04
8693,6.85E-04
8694,7.54E-04
8695,7.04E-04
8696,7.20E-04
8697,8.22E-04
8698,7.71E-04
8699,7.91E-04
8700,7.96E-04
8701,7.56E-04
8702,8.07E-04
8703,7.28E-04
8704,6.89E-04
8705,7.35E-04
8706,6.93E-04
8707,6.56E-04
8708,7.01E-04
8709,1.02E-03
8710,8.88E-04
8711,7.88E-04
8712,6.74E-04
8713,5.72E-04
8714,1.05E-03
8715,8.95E-04
8716,7.69E-04
8717,6.60E-04
8718,5.63E-04
8719,1.08E-03
8720,8.96E-04
8721,7.44E-04
8722,6.19E-04
8723,5.44E-04
8724,1.26E-03
8725,8.85E-04
8726,6.93E-04
8727,5.72E-04
8728,5.07E-04
8729,4.97E-04
8730,5.46E-04
8731,6.08E-04
8732,6.89E-04
8733,9.23E-04
8734,1.10E-03
8735,9.41E-04
8736,9.90E-04
8737,1.05E-03
8738,1.27E-03
8739,1.26E-03
8740,1.37E-03
8741,1.27E-03
8742,1.20E-03
8743,1.15E-03
8744,1.49E-03
8745,1.26E-03
8746,1.18E-03
8747,1.11E-03
8748,1.70E-03
8749,1.36E-03
8750,1.10E-03
8751,9.16E-04
8752,1.92E-03
8753,1.35E-03
8754,1.04E-03
8755,8.57E-04
8756,8.95E-04
8757,1.02E-03
8758,1.21E-03
8759,1.55E-03
8760,1.54E-03
8761,1.21E-03
8762,1.02E-03
8763,8.85E-04
8764,8.67E-04
8765,9.13E-04
8766,1.04E-03
8767,1.08E-03
8768,1.34E-03
8769,1.34E-03
8770,1.89E-03
8771,1.68E-03
8772,1.92E-03
8773,1.88E-03
8774,2.26E-03
8775,1.92E-03
8776,4.49E-04
8777,4.45E-04
8778,4.87E-04
8779,5.02E-04
8780,5.08E-04
8781,4.07E-04
8782,4.00E-04
8783,4.38E-04
8784,4.59E-04
8785,4.71E-04
8786,3.79E-04
8787,3.88E-04
8788,4.14E-04
8789,4.30E-04
8790,4.47E-04
8791,8.47E-04
8792,8.40E-04
8793,9.01E-04
8794,7.64E-04
8795,7.47E-04
8796,8.03E-04
8797,7.12E-04
8798,6.98E-04
8799,7.50E-04
8800,6.91E-04
8801,6.84E-04
8802,7.34E-04
8803,7.18E-04
8804,7.04E-04
8805,7.60E-04
8806,7.84E-04
8807,7.68E-04
8808,8.16E-04
8809,5.08E-04
8810,5.05E-04
8811,4.88E-04
8812,4.47E-04
8813,4.42E-04
8814,4.66E-04
8815,4.59E-04
8816,4.45E-04
8817,4.04E-04
8818,3.99E-04
8819,4.45E-04
8820,4.30E-04
8821,4.17E-04
8822,3.90E-04
8823,3.80E-04
8824,9.07E-04
8825,6.90E-04
8826,6.03E-04
8827,5.45E-04
8828,4.91E-04
8829,5.09E-04
8830,5.43E-04
8831,5.69E-04
8832,5.77E-04
8833,5.83E-04
8834,6.21E-04
8835,6.56E-04
8836,6.75E-04
8837,6.91E-04
8838,7.42E-04
8839,7.63E-04
8840,7.79E-04
8841,8.72E-04
8842,8.75E-04
8843,8.90E-04
8844,9.02E-04
8845,1.26E-03
8846,1.10E-03
8847,1.03E-03
8848,1.02E-03
8849,1.13E-03
8850,1.18E-03
8851,1.15E-03
8852,1.20E-03
8853,1.27E-03
8854,1.27E-03
8855,1.49E-03
8856,1.37E-03
8857,1.28E-03
8858,1.05E-03
8859,1.28E-03
8860,9.87E-04
8861,9.48E-04
8862,1.10E-03
8863,1.62E-03
8864,1.22E-03
8865,1.01E-03
8866,8.68E-04
8867,8.69E-04
8868,9.34E-04
8869,1.04E-03
8870,1.08E-03
8871,1.34E-03
8872,1.35E-03
8873,1.92E-03
8874,1.69E-03
8875,1.92E-03
8876,1.88E-03
8877,2.26E-03
8878,1.92E-03
8879,1.67E-03
8880,1.34E-03
8881,1.11E-03
8882,9.17E-04
8883,1.89E-03
8884,1.34E-03
8885,1.05E-03
8886,8.66E-04
8887,8.78E-04
8888,1.02E-03
8889,1.22E-03
8890,1.60E-03
8891,8.12E-04
8892,7.62E-04
8893,7.72E-04
8894,7.42E-04
8895,6.95E-04
8896,7.05E-04
8897,7.05E-04
8898,6.60E-04
8899,6.72E-04
8900,9.04E-04
8901,8.44E-04
8902,8.25E-04
8903,8.06E-04
8904,7.53E-04
8905,7.43E-04
8906,7.51E-04
8907,7.00E-04
8908,6.99E-04
8909,7.33E-04
8910,6.83E-04
8911,6.71E-04
8912,7.54E-04
8913,7.04E-04
8914,7.03E-04
8915,8.22E-04
8916,7.71E-04
8917,7.71E-04
8918,7.73E-04
8919,7.56E-04
8920,8.07E-04
8921,7.06E-04
8922,6.89E-04
8923,7.35E-04
8924,6.72E-04
8925,6.56E-04
8926,7.01E-04
8927,1.02E-03
8928,8.88E-04
8929,7.88E-04
8930,6.74E-04
8931,5.72E-04
8932,1.05E-03
8933,8.95E-04
8934,7.69E-04
8935,6.60E-04
8936,5.63E-04
8937,1.08E-03
8938,8.96E-04
8939,7.44E-04
8940,6.19E-04
8941,5.44E-04
8942,1.26E-03
8943,8.85E-04
8944,6.93E-04
8945,5.72E-04
8946,5.07E-04
8947,4.88E-04
8948,5.42E-04
8949,6.14E-04
8950,7.18E-04
8951,9.73E-04
8952,1.12E-03
8953,9.34E-04
8954,9.90E-04
8955,1.05E-03
8956,1.27E-03
8957,1.26E-03
8958,1.37E-03
8959,1.27E-03
8960,1.20E-03
8961,1.15E-03
8962,1.49E-03
8963,1.26E-03
8964,1.18E-03
8965,1.11E-03
8966,1.70E-03
8967,1.36E-03
8968,1.10E-03
8969,9.16E-04
8970,1.92E-03
8971,1.35E-03
8972,1.04E-03
8973,8.57E-04
8974,8.72E-04
8975,1.01E-03
8976,1.22E-03
8977,1.61E-03
8978,1.61E-03
8979,1.23E-03
8980,1.01E-03
8981,8.68E-04
8982,8.67E-04
8983,9.13E-04
8984,1.04E-03
8985,1.08E-03
8986,1.34E-03
8987,1.34E-03
8988,1.89E-03
8989,1.68E-03
8990,1.92E-03
8991,1.88E-03
8992,2.26E-03
8993,1.92E-03
8994,4.38E-04
8995,4.45E-04
8996,4.87E-04
8997,5.02E-04
8998,5.08E-04
8999,3.97E-04
9000,4.00E-04
9001,4.38E-04
9002,4.59E-04
9003,4.71E-04
9004,3.70E-04
9005,3.88E-04
9006,4.14E-04
9007,4.30E-04
9008,4.47E-04
9009,8.30E-04
9010,8.40E-04
9011,9.01E-04
9012,7.47E-04
9013,7.47E-04
9014,8.03E-04
9015,6.96E-04
9016,6.98E-04
9017,7.50E-04
9018,6.77E-04
9019,6.84E-04
9020,7.34E-04
9021,7.02E-04
9022,7.04E-04
9023,7.60E-04
9024,7.67E-04
9025,7.68E-04
9026,8.16E-04
9027,5.08E-04
9028,5.05E-04
9029,4.88E-04
9030,4.47E-04
9031,4.32E-04
9032,4.66E-04
9033,4.59E-04
9034,4.45E-04
9035,4.04E-04
9036,3.89E-04
9037,4.45E-04
9038,4.30E-04
9039,4.17E-04
9040,3.90E-04
9041,3.70E-04
9042,9.61E-04
9043,7.18E-04
9044,6.11E-04
9045,5.42E-04
9046,4.84E-04
9047,5.09E-04
9048,5.43E-04
9049,5.69E-04
9050,5.77E-04
9051,5.83E-04
9052,6.21E-04
9053,6.56E-04
9054,6.75E-04
9055,6.91E-04
9056,7.42E-04
9057,7.63E-04
9058,7.79E-04
9059,8.72E-04
9060,8.75E-04
9061,8.90E-04
9062,9.02E-04
9063,1.26E-03
9064,1.10E-03
9065,1.03E-03
9066,1.02E-03
9067,1.13E-03
9068,1.18E-03
9069,1.15E-03
9070,1.20E-03
9071,1.27E-03
9072,1.27E-03
9073,1.49E-03
9074,1.37E-03
9075,1.28E-03
9076,1.05E-03
9077,1.28E-03
9078,9.87E-04
9079,9.40E-04
9080,1.12E-03
