1,1.22E-03
2,1.13E-03
3,1.08E-03
4,1.07E-03
5,1.14E-03
6,1.08E-03
7,1.04E-03
8,1.05E-03
9,1.01E-03
10,9.95E-04
11,9.87E-04
12,1.01E-03
13,8.91E-04
14,8.79E-04
15,9.02E-04
16,9.41E-04
17,6.90E-04
18,7.33E-04
19,8.04E-04
20,8.77E-04
21,4.52E-04
22,5.78E-04
23,7.16E-04
24,8.35E-04
25,2.61E-04
26,4.84E-04
27,6.79E-04
28,8.50E-04
29,9.19E-04
30,7.29E-04
31,4.99E-04
32,2.70E-04
33,1.37E-03
34,1.28E-03
35,1.11E-03
36,9.52E-04
37,7.25E-04
38,4.76E-04
39,2.62E-04
40,1.01E-03
41,1.08E-03
42,1.10E-03
43,1.08E-03
44,9.84E-04
45,8.31E-04
46,6.31E-04
47,4.11E-04
48,1.97E-04
49,9.31E-04
50,9.07E-04
51,9.15E-04
52,9.39E-04
53,9.64E-04
54,9.80E-04
55,9.93E-04
56,9.79E-04
57,9.45E-04
58,9.37E-04
59,9.43E-04
60,9.52E-04
61,9.64E-04
62,9.70E-04
63,1.00E-03
64,9.54E-04
65,9.40E-04
66,9.42E-04
67,9.48E-04
68,9.57E-04
69,9.59E-04
70,9.75E-04
71,9.29E-04
72,9.20E-04
73,9.26E-04
74,9.37E-04
75,9.48E-04
76,9.52E-04
77,8.95E-04
78,8.66E-04
79,8.73E-04
80,8.93E-04
81,9.14E-04
82,9.32E-04
83,9.41E-04
84,7.67E-04
85,7.70E-04
86,8.02E-04
87,8.43E-04
88,8.81E-04
89,9.11E-04
90,9.28E-04
91,6.02E-04
92,6.48E-04
93,7.18E-04
94,7.89E-04
95,8.50E-04
96,8.99E-04
97,9.40E-04
98,4.17E-04
99,5.18E-04
100,6.37E-04
101,7.48E-04
102,8.39E-04
103,9.04E-04
104,9.28E-04
105,2.48E-04
106,4.18E-04
107,5.98E-04
108,7.60E-04
109,8.91E-04
110,9.82E-04
111,1.02E-03
112,1.15E-03
113,1.10E-03
114,9.88E-04
115,8.32E-04
116,6.35E-04
117,4.19E-04
118,2.09E-04
119,2.66E-04
120,4.95E-04
121,7.38E-04
122,9.43E-04
123,8.66E-04
124,8.53E-04
125,8.86E-04
126,9.40E-04
127,9.92E-04
128,1.03E-03
129,1.06E-03
130,6.89E-04
131,7.32E-04
132,8.19E-04
133,9.04E-04
134,9.83E-04
135,1.04E-03
136,1.08E-03
137,4.73E-04
138,5.90E-04
139,7.30E-04
140,8.62E-04
141,9.78E-04
142,1.06E-03
143,1.12E-03
144,2.56E-04
145,4.70E-04
146,6.84E-04
147,8.89E-04
148,1.02E-03
149,1.13E-03
150,1.21E-03
151,1.36E-03
152,1.25E-03
153,1.11E-03
154,9.48E-04
155,7.26E-04
156,4.85E-04
157,2.63E-04
158,1.01E-03
159,9.36E-04
160,9.54E-04
161,9.42E-04
162,9.52E-04
163,9.58E-04
164,9.62E-04
165,9.77E-04
166,9.92E-04
167,9.76E-04
168,9.25E-04
169,9.24E-04
170,9.30E-04
171,9.40E-04
172,9.46E-04
173,9.53E-04
174,9.71E-04
175,9.72E-04
176,8.96E-04
177,8.67E-04
178,8.75E-04
179,8.95E-04
180,9.14E-04
181,9.27E-04
182,9.36E-04
183,9.51E-04
184,9.37E-04
185,7.68E-04
186,7.71E-04
187,8.03E-04
188,8.43E-04
189,8.78E-04
190,9.03E-04
191,9.18E-04
192,9.29E-04
193,9.06E-04
194,6.02E-04
195,6.47E-04
196,7.15E-04
197,7.85E-04
198,8.44E-04
199,8.87E-04
200,9.09E-04
201,9.19E-04
202,8.97E-04
203,4.18E-04
204,5.16E-04
205,6.32E-04
206,7.43E-04
207,8.34E-04
208,8.96E-04
209,9.29E-04
210,9.43E-04
211,9.19E-04
212,2.50E-04
213,4.17E-04
214,5.94E-04
215,7.56E-04
216,8.86E-04
217,9.75E-04
218,1.01E-03
219,9.90E-04
220,9.44E-04
221,1.05E-03
222,1.11E-03
223,1.11E-03
224,1.09E-03
225,9.81E-04
226,8.26E-04
227,6.28E-04
228,4.17E-04
229,2.08E-04
230,1.15E-03
231,1.10E-03
232,9.92E-04
233,8.34E-04
234,6.32E-04
235,4.10E-04
236,2.00E-04
237,1.22E-03
238,1.13E-03
239,1.08E-03
240,1.07E-03
241,1.14E-03
242,1.08E-03
243,1.04E-03
244,1.05E-03
245,1.01E-03
246,9.95E-04
247,9.87E-04
248,1.01E-03
249,8.91E-04
250,8.79E-04
251,9.02E-04
252,9.41E-04
253,6.90E-04
254,7.33E-04
255,8.04E-04
256,8.77E-04
257,4.52E-04
258,5.78E-04
259,7.16E-04
260,8.35E-04
261,2.61E-04
262,4.84E-04
263,6.79E-04
264,8.50E-04
265,9.25E-04
266,7.20E-04
267,4.79E-04
268,2.50E-04
269,1.41E-03
270,1.31E-03
271,1.13E-03
272,9.55E-04
273,7.08E-04
274,4.47E-04
275,2.35E-04
276,1.03E-03
277,1.10E-03
278,1.12E-03
279,1.10E-03
280,9.98E-04
281,8.33E-04
282,6.20E-04
283,3.88E-04
284,1.79E-04
285,9.31E-04
286,9.07E-04
287,9.15E-04
288,9.39E-04
289,9.64E-04
290,9.80E-04
291,9.93E-04
292,9.79E-04
293,9.45E-04
294,9.37E-04
295,9.43E-04
296,9.52E-04
297,9.64E-04
298,9.70E-04
299,1.00E-03
300,9.54E-04
301,9.40E-04
302,9.42E-04
303,9.48E-04
304,9.57E-04
305,9.59E-04
306,9.75E-04
307,9.29E-04
308,9.20E-04
309,9.26E-04
310,9.37E-04
311,9.48E-04
312,9.52E-04
313,8.95E-04
314,8.66E-04
315,8.73E-04
316,8.93E-04
317,9.14E-04
318,9.32E-04
319,9.41E-04
320,7.67E-04
321,7.70E-04
322,8.02E-04
323,8.43E-04
324,8.81E-04
325,9.11E-04
326,9.28E-04
327,6.02E-04
328,6.48E-04
329,7.18E-04
330,7.89E-04
331,8.50E-04
332,8.99E-04
333,9.40E-04
334,4.17E-04
335,5.18E-04
336,6.37E-04
337,7.48E-04
338,8.39E-04
339,9.04E-04
340,9.28E-04
341,2.48E-04
342,4.18E-04
343,5.98E-04
344,7.60E-04
345,8.91E-04
346,9.82E-04
347,1.02E-03
348,1.17E-03
349,1.12E-03
350,9.98E-04
351,8.29E-04
352,6.22E-04
353,3.99E-04
354,1.93E-04
355,2.44E-04
356,4.72E-04
357,7.31E-04
358,9.51E-04
359,8.66E-04
360,8.53E-04
361,8.86E-04
362,9.40E-04
363,9.92E-04
364,1.03E-03
365,1.06E-03
366,6.89E-04
367,7.32E-04
368,8.19E-04
369,9.04E-04
370,9.83E-04
371,1.04E-03
372,1.08E-03
373,4.73E-04
374,5.90E-04
375,7.30E-04
376,8.62E-04
377,9.78E-04
378,1.06E-03
379,1.12E-03
380,2.56E-04
381,4.70E-04
382,6.84E-04
383,8.89E-04
384,1.02E-03
385,1.13E-03
386,1.21E-03
387,1.39E-03
388,1.28E-03
389,1.12E-03
390,9.48E-04
391,7.08E-04
392,4.58E-04
393,2.38E-04
394,1.01E-03
395,9.36E-04
396,9.54E-04
397,9.42E-04
398,9.52E-04
399,9.58E-04
400,9.62E-04
401,9.77E-04
402,9.92E-04
403,9.76E-04
404,9.25E-04
405,9.24E-04
406,9.30E-04
407,9.40E-04
408,9.46E-04
409,9.53E-04
410,9.71E-04
411,9.72E-04
412,8.96E-04
413,8.67E-04
414,8.75E-04
415,8.95E-04
416,9.14E-04
417,9.27E-04
418,9.36E-04
419,9.51E-04
420,9.37E-04
421,7.68E-04
422,7.71E-04
423,8.03E-04
424,8.43E-04
425,8.78E-04
426,9.03E-04
427,9.18E-04
428,9.29E-04
429,9.06E-04
430,6.02E-04
431,6.47E-04
432,7.15E-04
433,7.85E-04
434,8.44E-04
435,8.87E-04
436,9.09E-04
437,9.19E-04
438,8.97E-04
439,4.18E-04
440,5.16E-04
441,6.32E-04
442,7.43E-04
443,8.34E-04
444,8.96E-04
445,9.29E-04
446,9.43E-04
447,9.19E-04
448,2.50E-04
449,4.17E-04
450,5.94E-04
451,7.56E-04
452,8.86E-04
453,9.75E-04
454,1.01E-03
455,9.90E-04
456,9.44E-04
457,1.07E-03
458,1.13E-03
459,1.13E-03
460,1.11E-03
461,9.90E-04
462,8.23E-04
463,6.17E-04
464,3.95E-04
465,1.92E-04
466,1.17E-03
467,1.12E-03
468,1.00E-03
469,8.34E-04
470,6.20E-04
471,3.90E-04
472,1.82E-04
473,1.22E-03
474,1.13E-03
475,1.08E-03
476,1.07E-03
477,1.14E-03
478,1.08E-03
479,1.04E-03
480,1.05E-03
481,1.01E-03
482,9.95E-04
483,9.87E-04
484,1.01E-03
485,8.91E-04
486,8.79E-04
487,9.02E-04
488,9.41E-04
489,6.90E-04
490,7.33E-04
491,8.04E-04
492,8.77E-04
493,4.52E-04
494,5.78E-04
495,7.16E-04
496,8.35E-04
497,2.61E-04
498,4.84E-04
499,6.79E-04
500,8.50E-04
501,9.25E-04
502,7.20E-04
503,4.79E-04
504,2.50E-04
505,1.41E-03
506,1.31E-03
507,1.13E-03
508,9.55E-04
509,7.08E-04
510,4.47E-04
511,2.35E-04
512,1.03E-03
513,1.10E-03
514,1.12E-03
515,1.10E-03
516,9.98E-04
517,8.33E-04
518,6.20E-04
519,3.88E-04
520,1.79E-04
521,9.31E-04
522,9.07E-04
523,9.15E-04
524,9.39E-04
525,9.64E-04
526,9.80E-04
527,9.93E-04
528,9.79E-04
529,9.45E-04
530,9.37E-04
531,9.43E-04
532,9.52E-04
533,9.64E-04
534,9.70E-04
535,1.00E-03
536,9.54E-04
537,9.40E-04
538,9.42E-04
539,9.48E-04
540,9.57E-04
541,9.59E-04
542,9.75E-04
543,9.29E-04
544,9.20E-04
545,9.26E-04
546,9.37E-04
547,9.48E-04
548,9.52E-04
549,8.95E-04
550,8.66E-04
551,8.73E-04
552,8.93E-04
553,9.14E-04
554,9.32E-04
555,9.41E-04
556,7.67E-04
557,7.70E-04
558,8.02E-04
559,8.43E-04
560,8.81E-04
561,9.11E-04
562,9.28E-04
563,6.02E-04
564,6.48E-04
565,7.18E-04
566,7.89E-04
567,8.50E-04
568,8.99E-04
569,9.40E-04
570,4.17E-04
571,5.18E-04
572,6.37E-04
573,7.48E-04
574,8.39E-04
575,9.04E-04
576,9.28E-04
577,2.48E-04
578,4.18E-04
579,5.98E-04
580,7.60E-04
581,8.91E-04
582,9.82E-04
583,1.02E-03
584,1.17E-03
585,1.12E-03
586,9.98E-04
587,8.29E-04
588,6.22E-04
589,3.99E-04
590,1.93E-04
591,2.44E-04
592,4.72E-04
593,7.31E-04
594,9.51E-04
595,8.66E-04
596,8.53E-04
597,8.86E-04
598,9.40E-04
599,9.92E-04
600,1.03E-03
601,1.06E-03
602,6.89E-04
603,7.32E-04
604,8.19E-04
605,9.04E-04
606,9.83E-04
607,1.04E-03
608,1.08E-03
609,4.73E-04
610,5.90E-04
611,7.30E-04
612,8.62E-04
613,9.78E-04
614,1.06E-03
615,1.12E-03
616,2.56E-04
617,4.70E-04
618,6.84E-04
619,8.89E-04
620,1.02E-03
621,1.13E-03
622,1.21E-03
623,1.39E-03
624,1.28E-03
625,1.12E-03
626,9.48E-04
627,7.08E-04
628,4.58E-04
629,2.38E-04
630,1.01E-03
631,9.36E-04
632,9.54E-04
633,9.42E-04
634,9.52E-04
635,9.58E-04
636,9.62E-04
637,9.77E-04
638,9.92E-04
639,9.76E-04
640,9.25E-04
641,9.24E-04
642,9.30E-04
643,9.40E-04
644,9.46E-04
645,9.53E-04
646,9.71E-04
647,9.72E-04
648,8.96E-04
649,8.67E-04
650,8.75E-04
651,8.95E-04
652,9.14E-04
653,9.27E-04
654,9.36E-04
655,9.51E-04
656,9.37E-04
657,7.68E-04
658,7.71E-04
659,8.03E-04
660,8.43E-04
661,8.78E-04
662,9.03E-04
663,9.18E-04
664,9.29E-04
665,9.06E-04
666,6.02E-04
667,6.47E-04
668,7.15E-04
669,7.85E-04
670,8.44E-04
671,8.87E-04
672,9.09E-04
673,9.19E-04
674,8.97E-04
675,4.18E-04
676,5.16E-04
677,6.32E-04
678,7.43E-04
679,8.34E-04
680,8.96E-04
681,9.29E-04
682,9.43E-04
683,9.19E-04
684,2.50E-04
685,4.17E-04
686,5.94E-04
687,7.56E-04
688,8.86E-04
689,9.75E-04
690,1.01E-03
691,9.90E-04
692,9.44E-04
693,1.07E-03
694,1.13E-03
695,1.13E-03
696,1.11E-03
697,9.90E-04
698,8.23E-04
699,6.17E-04
700,3.95E-04
701,1.92E-04
702,1.17E-03
703,1.12E-03
704,1.00E-03
705,8.34E-04
706,6.20E-04
707,3.90E-04
708,1.82E-04
709,1.22E-03
710,1.13E-03
711,1.08E-03
712,1.07E-03
713,1.14E-03
714,1.08E-03
715,1.04E-03
716,1.05E-03
717,1.01E-03
718,9.95E-04
719,9.87E-04
720,1.01E-03
721,8.91E-04
722,8.79E-04
723,9.02E-04
724,9.41E-04
725,6.90E-04
726,7.33E-04
727,8.04E-04
728,8.77E-04
729,4.52E-04
730,5.78E-04
731,7.16E-04
732,8.35E-04
733,2.61E-04
734,4.84E-04
735,6.79E-04
736,8.50E-04
737,9.25E-04
738,7.20E-04
739,4.79E-04
740,2.50E-04
741,1.41E-03
742,1.31E-03
743,1.13E-03
744,9.55E-04
745,7.08E-04
746,4.47E-04
747,2.35E-04
748,1.03E-03
749,1.10E-03
750,1.12E-03
751,1.10E-03
752,9.98E-04
753,8.33E-04
754,6.20E-04
755,3.88E-04
756,1.79E-04
757,9.31E-04
758,9.07E-04
759,9.15E-04
760,9.39E-04
761,9.64E-04
762,9.80E-04
763,9.93E-04
764,9.79E-04
765,9.45E-04
766,9.37E-04
767,9.43E-04
768,9.52E-04
769,9.64E-04
770,9.70E-04
771,1.00E-03
772,9.54E-04
773,9.40E-04
774,9.42E-04
775,9.48E-04
776,9.57E-04
777,9.59E-04
778,9.75E-04
779,9.29E-04
780,9.20E-04
781,9.26E-04
782,9.37E-04
783,9.48E-04
784,9.52E-04
785,8.95E-04
786,8.66E-04
787,8.73E-04
788,8.93E-04
789,9.14E-04
790,9.32E-04
791,9.41E-04
792,7.67E-04
793,7.70E-04
794,8.02E-04
795,8.43E-04
796,8.81E-04
797,9.11E-04
798,9.28E-04
799,6.02E-04
800,6.48E-04
801,7.18E-04
802,7.89E-04
803,8.50E-04
804,8.99E-04
805,9.40E-04
806,4.17E-04
807,5.18E-04
808,6.37E-04
809,7.48E-04
810,8.39E-04
811,9.04E-04
812,9.28E-04
813,2.48E-04
814,4.18E-04
815,5.98E-04
816,7.60E-04
817,8.91E-04
818,9.82E-04
819,1.02E-03
820,1.17E-03
821,1.12E-03
822,9.98E-04
823,8.29E-04
824,6.22E-04
825,3.99E-04
826,1.93E-04
827,2.44E-04
828,4.72E-04
829,7.31E-04
830,9.51E-04
831,8.66E-04
832,8.53E-04
833,8.86E-04
834,9.40E-04
835,9.92E-04
836,1.03E-03
837,1.06E-03
838,6.89E-04
839,7.32E-04
840,8.19E-04
841,9.04E-04
842,9.83E-04
843,1.04E-03
844,1.08E-03
845,4.73E-04
846,5.90E-04
847,7.30E-04
848,8.62E-04
849,9.78E-04
850,1.06E-03
851,1.12E-03
852,2.56E-04
853,4.70E-04
854,6.84E-04
855,8.89E-04
856,1.02E-03
857,1.13E-03
858,1.21E-03
859,1.39E-03
860,1.28E-03
861,1.12E-03
862,9.48E-04
863,7.08E-04
864,4.58E-04
865,2.38E-04
866,1.01E-03
867,9.36E-04
868,9.54E-04
869,9.42E-04
870,9.52E-04
871,9.58E-04
872,9.62E-04
873,9.77E-04
874,9.92E-04
875,9.76E-04
876,9.25E-04
877,9.24E-04
878,9.30E-04
879,9.40E-04
880,9.46E-04
881,9.53E-04
882,9.71E-04
883,9.72E-04
884,8.96E-04
885,8.67E-04
886,8.75E-04
887,8.95E-04
888,9.14E-04
889,9.27E-04
890,9.36E-04
891,9.51E-04
892,9.37E-04
893,7.68E-04
894,7.71E-04
895,8.03E-04
896,8.43E-04
897,8.78E-04
898,9.03E-04
899,9.18E-04
900,9.29E-04
901,9.06E-04
902,6.02E-04
903,6.47E-04
904,7.15E-04
905,7.85E-04
906,8.44E-04
907,8.87E-04
908,9.09E-04
909,9.19E-04
910,8.97E-04
911,4.18E-04
912,5.16E-04
913,6.32E-04
914,7.43E-04
915,8.34E-04
916,8.96E-04
917,9.29E-04
918,9.43E-04
919,9.19E-04
920,2.50E-04
921,4.17E-04
922,5.94E-04
923,7.56E-04
924,8.86E-04
925,9.75E-04
926,1.01E-03
927,9.90E-04
928,9.44E-04
929,1.07E-03
930,1.13E-03
931,1.13E-03
932,1.11E-03
933,9.90E-04
934,8.23E-04
935,6.17E-04
936,3.95E-04
937,1.92E-04
938,1.17E-03
939,1.12E-03
940,1.00E-03
941,8.34E-04
942,6.20E-04
943,3.90E-04
944,1.82E-04
945,1.22E-03
946,1.13E-03
947,1.08E-03
948,1.07E-03
949,1.14E-03
950,1.08E-03
951,1.04E-03
952,1.05E-03
953,1.01E-03
954,9.95E-04
955,9.87E-04
956,1.01E-03
957,8.91E-04
958,8.79E-04
959,9.02E-04
960,9.41E-04
961,6.90E-04
962,7.33E-04
963,8.04E-04
964,8.77E-04
965,4.52E-04
966,5.78E-04
967,7.16E-04
968,8.35E-04
969,2.61E-04
970,4.84E-04
971,6.79E-04
972,8.50E-04
973,9.25E-04
974,7.20E-04
975,4.79E-04
976,2.50E-04
977,1.41E-03
978,1.31E-03
979,1.13E-03
980,9.55E-04
981,7.08E-04
982,4.47E-04
983,2.35E-04
984,1.03E-03
985,1.10E-03
986,1.12E-03
987,1.10E-03
988,9.98E-04
989,8.33E-04
990,6.20E-04
991,3.88E-04
992,1.79E-04
993,9.31E-04
994,9.07E-04
995,9.15E-04
996,9.39E-04
997,9.64E-04
998,9.80E-04
999,9.93E-04
1000,9.79E-04
1001,9.45E-04
1002,9.37E-04
1003,9.43E-04
1004,9.52E-04
1005,9.64E-04
1006,9.70E-04
1007,1.00E-03
1008,9.54E-04
1009,9.40E-04
1010,9.42E-04
1011,9.48E-04
1012,9.57E-04
1013,9.59E-04
1014,9.75E-04
1015,9.29E-04
1016,9.20E-04
1017,9.26E-04
1018,9.37E-04
1019,9.48E-04
1020,9.52E-04
1021,8.95E-04
1022,8.66E-04
1023,8.73E-04
1024,8.93E-04
1025,9.14E-04
1026,9.32E-04
1027,9.41E-04
1028,7.67E-04
1029,7.70E-04
1030,8.02E-04
1031,8.43E-04
1032,8.81E-04
1033,9.11E-04
1034,9.28E-04
1035,6.02E-04
1036,6.48E-04
1037,7.18E-04
1038,7.89E-04
1039,8.50E-04
1040,8.99E-04
1041,9.40E-04
1042,4.17E-04
1043,5.18E-04
1044,6.37E-04
1045,7.48E-04
1046,8.39E-04
1047,9.04E-04
1048,9.28E-04
1049,2.48E-04
1050,4.18E-04
1051,5.98E-04
1052,7.60E-04
1053,8.91E-04
1054,9.82E-04
1055,1.02E-03
1056,1.17E-03
1057,1.12E-03
1058,9.98E-04
1059,8.29E-04
1060,6.22E-04
1061,3.99E-04
1062,1.93E-04
1063,2.44E-04
1064,4.72E-04
1065,7.31E-04
1066,9.51E-04
1067,8.66E-04
1068,8.53E-04
1069,8.86E-04
1070,9.40E-04
1071,9.92E-04
1072,1.03E-03
1073,1.06E-03
1074,6.89E-04
1075,7.32E-04
1076,8.19E-04
1077,9.04E-04
1078,9.83E-04
1079,1.04E-03
1080,1.08E-03
1081,4.73E-04
1082,5.90E-04
1083,7.30E-04
1084,8.62E-04
1085,9.78E-04
1086,1.06E-03
1087,1.12E-03
1088,2.56E-04
1089,4.70E-04
1090,6.84E-04
1091,8.89E-04
1092,1.02E-03
1093,1.13E-03
1094,1.21E-03
1095,1.39E-03
1096,1.28E-03
1097,1.12E-03
1098,9.48E-04
1099,7.08E-04
1100,4.58E-04
1101,2.38E-04
1102,1.01E-03
1103,9.36E-04
1104,9.54E-04
1105,9.42E-04
1106,9.52E-04
1107,9.58E-04
1108,9.62E-04
1109,9.77E-04
1110,9.92E-04
1111,9.76E-04
1112,9.25E-04
1113,9.24E-04
1114,9.30E-04
1115,9.40E-04
1116,9.46E-04
1117,9.53E-04
1118,9.71E-04
1119,9.72E-04
1120,8.96E-04
1121,8.67E-04
1122,8.75E-04
1123,8.95E-04
1124,9.14E-04
1125,9.27E-04
1126,9.36E-04
1127,9.51E-04
1128,9.37E-04
1129,7.68E-04
1130,7.71E-04
1131,8.03E-04
1132,8.43E-04
1133,8.78E-04
1134,9.03E-04
1135,9.18E-04
1136,9.29E-04
1137,9.06E-04
1138,6.02E-04
1139,6.47E-04
1140,7.15E-04
1141,7.85E-04
1142,8.44E-04
1143,8.87E-04
1144,9.09E-04
1145,9.19E-04
1146,8.97E-04
1147,4.18E-04
1148,5.16E-04
1149,6.32E-04
1150,7.43E-04
1151,8.34E-04
1152,8.96E-04
1153,9.29E-04
1154,9.43E-04
1155,9.19E-04
1156,2.50E-04
1157,4.17E-04
1158,5.94E-04
1159,7.56E-04
1160,8.86E-04
1161,9.75E-04
1162,1.01E-03
1163,9.90E-04
1164,9.44E-04
1165,1.07E-03
1166,1.13E-03
1167,1.13E-03
1168,1.11E-03
1169,9.90E-04
1170,8.23E-04
1171,6.17E-04
1172,3.95E-04
1173,1.92E-04
1174,1.17E-03
1175,1.12E-03
1176,1.00E-03
1177,8.34E-04
1178,6.20E-04
1179,3.90E-04
1180,1.82E-04
1181,1.22E-03
1182,1.13E-03
1183,1.08E-03
1184,1.07E-03
1185,1.14E-03
1186,1.08E-03
1187,1.04E-03
1188,1.05E-03
1189,1.01E-03
1190,9.95E-04
1191,9.87E-04
1192,1.01E-03
1193,8.91E-04
1194,8.79E-04
1195,9.02E-04
1196,9.41E-04
1197,6.90E-04
1198,7.33E-04
1199,8.04E-04
1200,8.77E-04
1201,4.52E-04
1202,5.78E-04
1203,7.16E-04
1204,8.35E-04
1205,2.61E-04
1206,4.84E-04
1207,6.79E-04
1208,8.50E-04
1209,9.25E-04
1210,7.20E-04
1211,4.79E-04
1212,2.50E-04
1213,1.41E-03
1214,1.31E-03
1215,1.13E-03
1216,9.55E-04
1217,7.08E-04
1218,4.47E-04
1219,2.35E-04
1220,1.03E-03
1221,1.10E-03
1222,1.12E-03
1223,1.10E-03
1224,9.98E-04
1225,8.33E-04
1226,6.20E-04
1227,3.88E-04
1228,1.79E-04
1229,9.31E-04
1230,9.07E-04
1231,9.15E-04
1232,9.39E-04
1233,9.64E-04
1234,9.80E-04
1235,9.93E-04
1236,9.79E-04
1237,9.45E-04
1238,9.37E-04
1239,9.43E-04
1240,9.52E-04
1241,9.64E-04
1242,9.70E-04
1243,1.00E-03
1244,9.54E-04
1245,9.40E-04
1246,9.42E-04
1247,9.48E-04
1248,9.57E-04
1249,9.59E-04
1250,9.75E-04
1251,9.29E-04
1252,9.20E-04
1253,9.26E-04
1254,9.37E-04
1255,9.48E-04
1256,9.52E-04
1257,8.95E-04
1258,8.66E-04
1259,8.73E-04
1260,8.93E-04
1261,9.14E-04
1262,9.32E-04
1263,9.41E-04
1264,7.67E-04
1265,7.70E-04
1266,8.02E-04
1267,8.43E-04
1268,8.81E-04
1269,9.11E-04
1270,9.28E-04
1271,6.02E-04
1272,6.48E-04
1273,7.18E-04
1274,7.89E-04
1275,8.50E-04
1276,8.99E-04
1277,9.40E-04
1278,4.17E-04
1279,5.18E-04
1280,6.37E-04
1281,7.48E-04
1282,8.39E-04
1283,9.04E-04
1284,9.28E-04
1285,2.48E-04
1286,4.18E-04
1287,5.98E-04
1288,7.60E-04
1289,8.91E-04
1290,9.82E-04
1291,1.02E-03
1292,1.17E-03
1293,1.12E-03
1294,9.98E-04
1295,8.29E-04
1296,6.22E-04
1297,3.99E-04
1298,1.93E-04
1299,2.44E-04
1300,4.72E-04
1301,7.31E-04
1302,9.51E-04
1303,8.66E-04
1304,8.53E-04
1305,8.86E-04
1306,9.40E-04
1307,9.92E-04
1308,1.03E-03
1309,1.06E-03
1310,6.89E-04
1311,7.32E-04
1312,8.19E-04
1313,9.04E-04
1314,9.83E-04
1315,1.04E-03
1316,1.08E-03
1317,4.73E-04
1318,5.90E-04
1319,7.30E-04
1320,8.62E-04
1321,9.78E-04
1322,1.06E-03
1323,1.12E-03
1324,2.56E-04
1325,4.70E-04
1326,6.84E-04
1327,8.89E-04
1328,1.02E-03
1329,1.13E-03
1330,1.21E-03
1331,1.39E-03
1332,1.28E-03
1333,1.12E-03
1334,9.48E-04
1335,7.08E-04
1336,4.58E-04
1337,2.38E-04
1338,1.01E-03
1339,9.36E-04
1340,9.54E-04
1341,9.42E-04
1342,9.52E-04
1343,9.58E-04
1344,9.62E-04
1345,9.77E-04
1346,9.92E-04
1347,9.76E-04
1348,9.25E-04
1349,9.24E-04
1350,9.30E-04
1351,9.40E-04
1352,9.46E-04
1353,9.53E-04
1354,9.71E-04
1355,9.72E-04
1356,8.96E-04
1357,8.67E-04
1358,8.75E-04
1359,8.95E-04
1360,9.14E-04
1361,9.27E-04
1362,9.36E-04
1363,9.51E-04
1364,9.37E-04
1365,7.68E-04
1366,7.71E-04
1367,8.03E-04
1368,8.43E-04
1369,8.78E-04
1370,9.03E-04
1371,9.18E-04
1372,9.29E-04
1373,9.06E-04
1374,6.02E-04
1375,6.47E-04
1376,7.15E-04
1377,7.85E-04
1378,8.44E-04
1379,8.87E-04
1380,9.09E-04
1381,9.19E-04
1382,8.97E-04
1383,4.18E-04
1384,5.16E-04
1385,6.32E-04
1386,7.43E-04
1387,8.34E-04
1388,8.96E-04
1389,9.29E-04
1390,9.43E-04
1391,9.19E-04
1392,2.50E-04
1393,4.17E-04
1394,5.94E-04
1395,7.56E-04
1396,8.86E-04
1397,9.75E-04
1398,1.01E-03
1399,9.90E-04
1400,9.44E-04
1401,1.07E-03
1402,1.13E-03
1403,1.13E-03
1404,1.11E-03
1405,9.90E-04
1406,8.23E-04
1407,6.17E-04
1408,3.95E-04
1409,1.92E-04
1410,1.17E-03
1411,1.12E-03
1412,1.00E-03
1413,8.34E-04
1414,6.20E-04
1415,3.90E-04
1416,1.82E-04
1417,1.22E-03
1418,1.13E-03
1419,1.08E-03
1420,1.07E-03
1421,1.14E-03
1422,1.08E-03
1423,1.04E-03
1424,1.05E-03
1425,1.01E-03
1426,9.95E-04
1427,9.87E-04
1428,1.01E-03
1429,8.91E-04
1430,8.79E-04
1431,9.02E-04
1432,9.41E-04
1433,6.90E-04
1434,7.33E-04
1435,8.04E-04
1436,8.77E-04
1437,4.52E-04
1438,5.78E-04
1439,7.16E-04
1440,8.35E-04
1441,2.61E-04
1442,4.84E-04
1443,6.79E-04
1444,8.50E-04
1445,9.25E-04
1446,7.20E-04
1447,4.79E-04
1448,2.50E-04
1449,1.41E-03
1450,1.31E-03
1451,1.13E-03
1452,9.55E-04
1453,7.08E-04
1454,4.47E-04
1455,2.35E-04
1456,1.03E-03
1457,1.10E-03
1458,1.12E-03
1459,1.10E-03
1460,9.98E-04
1461,8.33E-04
1462,6.20E-04
1463,3.88E-04
1464,1.79E-04
1465,9.31E-04
1466,9.07E-04
1467,9.15E-04
1468,9.39E-04
1469,9.64E-04
1470,9.80E-04
1471,9.93E-04
1472,9.79E-04
1473,9.45E-04
1474,9.37E-04
1475,9.43E-04
1476,9.52E-04
1477,9.64E-04
1478,9.70E-04
1479,1.00E-03
1480,9.54E-04
1481,9.40E-04
1482,9.42E-04
1483,9.48E-04
1484,9.57E-04
1485,9.59E-04
1486,9.75E-04
1487,9.29E-04
1488,9.20E-04
1489,9.26E-04
1490,9.37E-04
1491,9.48E-04
1492,9.52E-04
1493,8.95E-04
1494,8.66E-04
1495,8.73E-04
1496,8.93E-04
1497,9.14E-04
1498,9.32E-04
1499,9.41E-04
1500,7.67E-04
1501,7.70E-04
1502,8.02E-04
1503,8.43E-04
1504,8.81E-04
1505,9.11E-04
1506,9.28E-04
1507,6.02E-04
1508,6.48E-04
1509,7.18E-04
1510,7.89E-04
1511,8.50E-04
1512,8.99E-04
1513,9.40E-04
1514,4.17E-04
1515,5.18E-04
1516,6.37E-04
1517,7.48E-04
1518,8.39E-04
1519,9.04E-04
1520,9.28E-04
1521,2.48E-04
1522,4.18E-04
1523,5.98E-04
1524,7.60E-04
1525,8.91E-04
1526,9.82E-04
1527,1.02E-03
1528,1.17E-03
1529,1.12E-03
1530,9.98E-04
1531,8.29E-04
1532,6.22E-04
1533,3.99E-04
1534,1.93E-04
1535,2.44E-04
1536,4.72E-04
1537,7.31E-04
1538,9.51E-04
1539,8.66E-04
1540,8.53E-04
1541,8.86E-04
1542,9.40E-04
1543,9.92E-04
1544,1.03E-03
1545,1.06E-03
1546,6.89E-04
1547,7.32E-04
1548,8.19E-04
1549,9.04E-04
1550,9.83E-04
1551,1.04E-03
1552,1.08E-03
1553,4.73E-04
1554,5.90E-04
1555,7.30E-04
1556,8.62E-04
1557,9.78E-04
1558,1.06E-03
1559,1.12E-03
1560,2.56E-04
1561,4.70E-04
1562,6.84E-04
1563,8.89E-04
1564,1.02E-03
1565,1.13E-03
1566,1.21E-03
1567,1.39E-03
1568,1.28E-03
1569,1.12E-03
1570,9.48E-04
1571,7.08E-04
1572,4.58E-04
1573,2.38E-04
1574,1.01E-03
1575,9.36E-04
1576,9.54E-04
1577,9.42E-04
1578,9.52E-04
1579,9.58E-04
1580,9.62E-04
1581,9.77E-04
1582,9.92E-04
1583,9.76E-04
1584,9.25E-04
1585,9.24E-04
1586,9.30E-04
1587,9.40E-04
1588,9.46E-04
1589,9.53E-04
1590,9.71E-04
1591,9.72E-04
1592,8.96E-04
1593,8.67E-04
1594,8.75E-04
1595,8.95E-04
1596,9.14E-04
1597,9.27E-04
1598,9.36E-04
1599,9.51E-04
1600,9.37E-04
1601,7.68E-04
1602,7.71E-04
1603,8.03E-04
1604,8.43E-04
1605,8.78E-04
1606,9.03E-04
1607,9.18E-04
1608,9.29E-04
1609,9.06E-04
1610,6.02E-04
1611,6.47E-04
1612,7.15E-04
1613,7.85E-04
1614,8.44E-04
1615,8.87E-04
1616,9.09E-04
1617,9.19E-04
1618,8.97E-04
1619,4.18E-04
1620,5.16E-04
1621,6.32E-04
1622,7.43E-04
1623,8.34E-04
1624,8.96E-04
1625,9.29E-04
1626,9.43E-04
1627,9.19E-04
1628,2.50E-04
1629,4.17E-04
1630,5.94E-04
1631,7.56E-04
1632,8.86E-04
1633,9.75E-04
1634,1.01E-03
1635,9.90E-04
1636,9.44E-04
1637,1.07E-03
1638,1.13E-03
1639,1.13E-03
1640,1.11E-03
1641,9.90E-04
1642,8.23E-04
1643,6.17E-04
1644,3.95E-04
1645,1.92E-04
1646,1.17E-03
1647,1.12E-03
1648,1.00E-03
1649,8.34E-04
1650,6.20E-04
1651,3.90E-04
1652,1.82E-04
1653,1.22E-03
1654,1.13E-03
1655,1.08E-03
1656,1.07E-03
1657,1.14E-03
1658,1.08E-03
1659,1.04E-03
1660,1.05E-03
1661,1.01E-03
1662,9.95E-04
1663,9.87E-04
1664,1.01E-03
1665,8.91E-04
1666,8.79E-04
1667,9.02E-04
1668,9.41E-04
1669,6.90E-04
1670,7.33E-04
1671,8.04E-04
1672,8.77E-04
1673,4.52E-04
1674,5.78E-04
1675,7.16E-04
1676,8.35E-04
1677,2.61E-04
1678,4.84E-04
1679,6.79E-04
1680,8.50E-04
1681,9.25E-04
1682,7.20E-04
1683,4.79E-04
1684,2.50E-04
1685,1.41E-03
1686,1.31E-03
1687,1.13E-03
1688,9.55E-04
1689,7.08E-04
1690,4.47E-04
1691,2.35E-04
1692,1.03E-03
1693,1.10E-03
1694,1.12E-03
1695,1.10E-03
1696,9.98E-04
1697,8.33E-04
1698,6.20E-04
1699,3.88E-04
1700,1.79E-04
1701,9.31E-04
1702,9.07E-04
1703,9.15E-04
1704,9.39E-04
1705,9.64E-04
1706,9.80E-04
1707,9.93E-04
1708,9.79E-04
1709,9.45E-04
1710,9.37E-04
1711,9.43E-04
1712,9.52E-04
1713,9.64E-04
1714,9.70E-04
1715,1.00E-03
1716,9.54E-04
1717,9.40E-04
1718,9.42E-04
1719,9.48E-04
1720,9.57E-04
1721,9.59E-04
1722,9.75E-04
1723,9.29E-04
1724,9.20E-04
1725,9.26E-04
1726,9.37E-04
1727,9.48E-04
1728,9.52E-04
1729,8.95E-04
1730,8.66E-04
1731,8.73E-04
1732,8.93E-04
1733,9.14E-04
1734,9.32E-04
1735,9.41E-04
1736,7.67E-04
1737,7.70E-04
1738,8.02E-04
1739,8.43E-04
1740,8.81E-04
1741,9.11E-04
1742,9.28E-04
1743,6.02E-04
1744,6.48E-04
1745,7.18E-04
1746,7.89E-04
1747,8.50E-04
1748,8.99E-04
1749,9.40E-04
1750,4.17E-04
1751,5.18E-04
1752,6.37E-04
1753,7.48E-04
1754,8.39E-04
1755,9.04E-04
1756,9.28E-04
1757,2.48E-04
1758,4.18E-04
1759,5.98E-04
1760,7.60E-04
1761,8.91E-04
1762,9.82E-04
1763,1.02E-03
1764,1.17E-03
1765,1.12E-03
1766,9.98E-04
1767,8.29E-04
1768,6.22E-04
1769,3.99E-04
1770,1.93E-04
1771,2.44E-04
1772,4.72E-04
1773,7.31E-04
1774,9.51E-04
1775,8.66E-04
1776,8.53E-04
1777,8.86E-04
1778,9.40E-04
1779,9.92E-04
1780,1.03E-03
1781,1.06E-03
1782,6.89E-04
1783,7.32E-04
1784,8.19E-04
1785,9.04E-04
1786,9.83E-04
1787,1.04E-03
1788,1.08E-03
1789,4.73E-04
1790,5.90E-04
1791,7.30E-04
1792,8.62E-04
1793,9.78E-04
1794,1.06E-03
1795,1.12E-03
1796,2.56E-04
1797,4.70E-04
1798,6.84E-04
1799,8.89E-04
1800,1.02E-03
1801,1.13E-03
1802,1.21E-03
1803,1.39E-03
1804,1.28E-03
1805,1.12E-03
1806,9.48E-04
1807,7.08E-04
1808,4.58E-04
1809,2.38E-04
1810,1.01E-03
1811,9.36E-04
1812,9.54E-04
1813,9.42E-04
1814,9.52E-04
1815,9.58E-04
1816,9.62E-04
1817,9.77E-04
1818,9.92E-04
1819,9.76E-04
1820,9.25E-04
1821,9.24E-04
1822,9.30E-04
1823,9.40E-04
1824,9.46E-04
1825,9.53E-04
1826,9.71E-04
1827,9.72E-04
1828,8.96E-04
1829,8.67E-04
1830,8.75E-04
1831,8.95E-04
1832,9.14E-04
1833,9.27E-04
1834,9.36E-04
1835,9.51E-04
1836,9.37E-04
1837,7.68E-04
1838,7.71E-04
1839,8.03E-04
1840,8.43E-04
1841,8.78E-04
1842,9.03E-04
1843,9.18E-04
1844,9.29E-04
1845,9.06E-04
1846,6.02E-04
1847,6.47E-04
1848,7.15E-04
1849,7.85E-04
1850,8.44E-04
1851,8.87E-04
1852,9.09E-04
1853,9.19E-04
1854,8.97E-04
1855,4.18E-04
1856,5.16E-04
1857,6.32E-04
1858,7.43E-04
1859,8.34E-04
1860,8.96E-04
1861,9.29E-04
1862,9.43E-04
1863,9.19E-04
1864,2.50E-04
1865,4.17E-04
1866,5.94E-04
1867,7.56E-04
1868,8.86E-04
1869,9.75E-04
1870,1.01E-03
1871,9.90E-04
1872,9.44E-04
1873,1.07E-03
1874,1.13E-03
1875,1.13E-03
1876,1.11E-03
1877,9.90E-04
1878,8.23E-04
1879,6.17E-04
1880,3.95E-04
1881,1.92E-04
1882,1.17E-03
1883,1.12E-03
1884,1.00E-03
1885,8.34E-04
1886,6.20E-04
1887,3.90E-04
1888,1.82E-04
1889,1.22E-03
1890,1.13E-03
1891,1.08E-03
1892,1.07E-03
1893,1.14E-03
1894,1.08E-03
1895,1.04E-03
1896,1.05E-03
1897,1.01E-03
1898,9.95E-04
1899,9.87E-04
1900,1.01E-03
1901,8.91E-04
1902,8.79E-04
1903,9.02E-04
1904,9.41E-04
1905,6.90E-04
1906,7.33E-04
1907,8.04E-04
1908,8.77E-04
1909,4.52E-04
1910,5.78E-04
1911,7.16E-04
1912,8.35E-04
1913,2.61E-04
1914,4.84E-04
1915,6.79E-04
1916,8.50E-04
1917,9.25E-04
1918,7.20E-04
1919,4.79E-04
1920,2.50E-04
1921,1.41E-03
1922,1.31E-03
1923,1.13E-03
1924,9.55E-04
1925,7.08E-04
1926,4.47E-04
1927,2.35E-04
1928,1.03E-03
1929,1.10E-03
1930,1.12E-03
1931,1.10E-03
1932,9.98E-04
1933,8.33E-04
1934,6.20E-04
1935,3.88E-04
1936,1.79E-04
1937,9.31E-04
1938,9.07E-04
1939,9.15E-04
1940,9.39E-04
1941,9.64E-04
1942,9.80E-04
1943,9.93E-04
1944,9.79E-04
1945,9.45E-04
1946,9.37E-04
1947,9.43E-04
1948,9.52E-04
1949,9.64E-04
1950,9.70E-04
1951,1.00E-03
1952,9.54E-04
1953,9.40E-04
1954,9.42E-04
1955,9.48E-04
1956,9.57E-04
1957,9.59E-04
1958,9.75E-04
1959,9.29E-04
1960,9.20E-04
1961,9.26E-04
1962,9.37E-04
1963,9.48E-04
1964,9.52E-04
1965,8.95E-04
1966,8.66E-04
1967,8.73E-04
1968,8.93E-04
1969,9.14E-04
1970,9.32E-04
1971,9.41E-04
1972,7.67E-04
1973,7.70E-04
1974,8.02E-04
1975,8.43E-04
1976,8.81E-04
1977,9.11E-04
1978,9.28E-04
1979,6.02E-04
1980,6.48E-04
1981,7.18E-04
1982,7.89E-04
1983,8.50E-04
1984,8.99E-04
1985,9.40E-04
1986,4.17E-04
1987,5.18E-04
1988,6.37E-04
1989,7.48E-04
1990,8.39E-04
1991,9.04E-04
1992,9.28E-04
1993,2.48E-04
1994,4.18E-04
1995,5.98E-04
1996,7.60E-04
1997,8.91E-04
1998,9.82E-04
1999,1.02E-03
2000,1.17E-03
2001,1.12E-03
2002,9.98E-04
2003,8.29E-04
2004,6.22E-04
2005,3.99E-04
2006,1.93E-04
2007,2.44E-04
2008,4.72E-04
2009,7.31E-04
2010,9.51E-04
2011,8.66E-04
2012,8.53E-04
2013,8.86E-04
2014,9.40E-04
2015,9.92E-04
2016,1.03E-03
2017,1.06E-03
2018,6.89E-04
2019,7.32E-04
2020,8.19E-04
2021,9.04E-04
2022,9.83E-04
2023,1.04E-03
2024,1.08E-03
2025,4.73E-04
2026,5.90E-04
2027,7.30E-04
2028,8.62E-04
2029,9.78E-04
2030,1.06E-03
2031,1.12E-03
2032,2.56E-04
2033,4.70E-04
2034,6.84E-04
2035,8.89E-04
2036,1.02E-03
2037,1.13E-03
2038,1.21E-03
2039,1.39E-03
2040,1.28E-03
2041,1.12E-03
2042,9.48E-04
2043,7.08E-04
2044,4.58E-04
2045,2.38E-04
2046,1.01E-03
2047,9.36E-04
2048,9.54E-04
2049,9.42E-04
2050,9.52E-04
2051,9.58E-04
2052,9.62E-04
2053,9.77E-04
2054,9.92E-04
2055,9.76E-04
2056,9.25E-04
2057,9.24E-04
2058,9.30E-04
2059,9.40E-04
2060,9.46E-04
2061,9.53E-04
2062,9.71E-04
2063,9.72E-04
2064,8.96E-04
2065,8.67E-04
2066,8.75E-04
2067,8.95E-04
2068,9.14E-04
2069,9.27E-04
2070,9.36E-04
2071,9.51E-04
2072,9.37E-04
2073,7.68E-04
2074,7.71E-04
2075,8.03E-04
2076,8.43E-04
2077,8.78E-04
2078,9.03E-04
2079,9.18E-04
2080,9.29E-04
2081,9.06E-04
2082,6.02E-04
2083,6.47E-04
2084,7.15E-04
2085,7.85E-04
2086,8.44E-04
2087,8.87E-04
2088,9.09E-04
2089,9.19E-04
2090,8.97E-04
2091,4.18E-04
2092,5.16E-04
2093,6.32E-04
2094,7.43E-04
2095,8.34E-04
2096,8.96E-04
2097,9.29E-04
2098,9.43E-04
2099,9.19E-04
2100,2.50E-04
2101,4.17E-04
2102,5.94E-04
2103,7.56E-04
2104,8.86E-04
2105,9.75E-04
2106,1.01E-03
2107,9.90E-04
2108,9.44E-04
2109,1.07E-03
2110,1.13E-03
2111,1.13E-03
2112,1.11E-03
2113,9.90E-04
2114,8.23E-04
2115,6.17E-04
2116,3.95E-04
2117,1.92E-04
2118,1.17E-03
2119,1.12E-03
2120,1.00E-03
2121,8.34E-04
2122,6.20E-04
2123,3.90E-04
2124,1.82E-04
2125,1.22E-03
2126,1.13E-03
2127,1.08E-03
2128,1.07E-03
2129,1.14E-03
2130,1.08E-03
2131,1.04E-03
2132,1.05E-03
2133,1.01E-03
2134,9.95E-04
2135,9.87E-04
2136,1.01E-03
2137,8.91E-04
2138,8.79E-04
2139,9.02E-04
2140,9.41E-04
2141,6.90E-04
2142,7.33E-04
2143,8.04E-04
2144,8.77E-04
2145,4.52E-04
2146,5.78E-04
2147,7.16E-04
2148,8.35E-04
2149,2.61E-04
2150,4.84E-04
2151,6.79E-04
2152,8.50E-04
2153,9.25E-04
2154,7.20E-04
2155,4.79E-04
2156,2.50E-04
2157,1.41E-03
2158,1.31E-03
2159,1.13E-03
2160,9.55E-04
2161,7.08E-04
2162,4.47E-04
2163,2.35E-04
2164,1.03E-03
2165,1.10E-03
2166,1.12E-03
2167,1.10E-03
2168,9.98E-04
2169,8.33E-04
2170,6.20E-04
2171,3.88E-04
2172,1.79E-04
2173,9.31E-04
2174,9.07E-04
2175,9.15E-04
2176,9.39E-04
2177,9.64E-04
2178,9.80E-04
2179,9.93E-04
2180,9.79E-04
2181,9.45E-04
2182,9.37E-04
2183,9.43E-04
2184,9.52E-04
2185,9.64E-04
2186,9.70E-04
2187,1.00E-03
2188,9.54E-04
2189,9.40E-04
2190,9.42E-04
2191,9.48E-04
2192,9.57E-04
2193,9.59E-04
2194,9.75E-04
2195,9.29E-04
2196,9.20E-04
2197,9.26E-04
2198,9.37E-04
2199,9.48E-04
2200,9.52E-04
2201,8.95E-04
2202,8.66E-04
2203,8.73E-04
2204,8.93E-04
2205,9.14E-04
2206,9.32E-04
2207,9.41E-04
2208,7.67E-04
2209,7.70E-04
2210,8.02E-04
2211,8.43E-04
2212,8.81E-04
2213,9.11E-04
2214,9.28E-04
2215,6.02E-04
2216,6.48E-04
2217,7.18E-04
2218,7.89E-04
2219,8.50E-04
2220,8.99E-04
2221,9.40E-04
2222,4.17E-04
2223,5.18E-04
2224,6.37E-04
2225,7.48E-04
2226,8.39E-04
2227,9.04E-04
2228,9.28E-04
2229,2.48E-04
2230,4.18E-04
2231,5.98E-04
2232,7.60E-04
2233,8.91E-04
2234,9.82E-04
2235,1.02E-03
2236,1.17E-03
2237,1.12E-03
2238,9.98E-04
2239,8.29E-04
2240,6.22E-04
2241,3.99E-04
2242,1.93E-04
2243,2.44E-04
2244,4.72E-04
2245,7.31E-04
2246,9.51E-04
2247,8.66E-04
2248,8.53E-04
2249,8.86E-04
2250,9.40E-04
2251,9.92E-04
2252,1.03E-03
2253,1.06E-03
2254,6.89E-04
2255,7.32E-04
2256,8.19E-04
2257,9.04E-04
2258,9.83E-04
2259,1.04E-03
2260,1.08E-03
2261,4.73E-04
2262,5.90E-04
2263,7.30E-04
2264,8.62E-04
2265,9.78E-04
2266,1.06E-03
2267,1.12E-03
2268,2.56E-04
2269,4.70E-04
2270,6.84E-04
2271,8.89E-04
2272,1.02E-03
2273,1.13E-03
2274,1.21E-03
2275,1.39E-03
2276,1.28E-03
2277,1.12E-03
2278,9.48E-04
2279,7.08E-04
2280,4.58E-04
2281,2.38E-04
2282,1.01E-03
2283,9.36E-04
2284,9.54E-04
2285,9.42E-04
2286,9.52E-04
2287,9.58E-04
2288,9.62E-04
2289,9.77E-04
2290,9.92E-04
2291,9.76E-04
2292,9.25E-04
2293,9.24E-04
2294,9.30E-04
2295,9.40E-04
2296,9.46E-04
2297,9.53E-04
2298,9.71E-04
2299,9.72E-04
2300,8.96E-04
2301,8.67E-04
2302,8.75E-04
2303,8.95E-04
2304,9.14E-04
2305,9.27E-04
2306,9.36E-04
2307,9.51E-04
2308,9.37E-04
2309,7.68E-04
2310,7.71E-04
2311,8.03E-04
2312,8.43E-04
2313,8.78E-04
2314,9.03E-04
2315,9.18E-04
2316,9.29E-04
2317,9.06E-04
2318,6.02E-04
2319,6.47E-04
2320,7.15E-04
2321,7.85E-04
2322,8.44E-04
2323,8.87E-04
2324,9.09E-04
2325,9.19E-04
2326,8.97E-04
2327,4.18E-04
2328,5.16E-04
2329,6.32E-04
2330,7.43E-04
2331,8.34E-04
2332,8.96E-04
2333,9.29E-04
2334,9.43E-04
2335,9.19E-04
2336,2.50E-04
2337,4.17E-04
2338,5.94E-04
2339,7.56E-04
2340,8.86E-04
2341,9.75E-04
2342,1.01E-03
2343,9.90E-04
2344,9.44E-04
2345,1.07E-03
2346,1.13E-03
2347,1.13E-03
2348,1.11E-03
2349,9.90E-04
2350,8.23E-04
2351,6.17E-04
2352,3.95E-04
2353,1.92E-04
2354,1.17E-03
2355,1.12E-03
2356,1.00E-03
2357,8.34E-04
2358,6.20E-04
2359,3.90E-04
2360,1.82E-04
2361,1.22E-03
2362,1.13E-03
2363,1.08E-03
2364,1.07E-03
2365,1.14E-03
2366,1.08E-03
2367,1.04E-03
2368,1.05E-03
2369,1.01E-03
2370,9.95E-04
2371,9.87E-04
2372,1.01E-03
2373,8.91E-04
2374,8.79E-04
2375,9.02E-04
2376,9.41E-04
2377,6.90E-04
2378,7.33E-04
2379,8.04E-04
2380,8.77E-04
2381,4.52E-04
2382,5.78E-04
2383,7.16E-04
2384,8.35E-04
2385,2.61E-04
2386,4.84E-04
2387,6.79E-04
2388,8.50E-04
2389,9.25E-04
2390,7.20E-04
2391,4.79E-04
2392,2.50E-04
2393,1.41E-03
2394,1.31E-03
2395,1.13E-03
2396,9.55E-04
2397,7.08E-04
2398,4.47E-04
2399,2.35E-04
2400,1.03E-03
2401,1.10E-03
2402,1.12E-03
2403,1.10E-03
2404,9.98E-04
2405,8.33E-04
2406,6.20E-04
2407,3.88E-04
2408,1.79E-04
2409,9.31E-04
2410,9.07E-04
2411,9.15E-04
2412,9.39E-04
2413,9.64E-04
2414,9.80E-04
2415,9.93E-04
2416,9.79E-04
2417,9.45E-04
2418,9.37E-04
2419,9.43E-04
2420,9.52E-04
2421,9.64E-04
2422,9.70E-04
2423,1.00E-03
2424,9.54E-04
2425,9.40E-04
2426,9.42E-04
2427,9.48E-04
2428,9.57E-04
2429,9.59E-04
2430,9.75E-04
2431,9.29E-04
2432,9.20E-04
2433,9.26E-04
2434,9.37E-04
2435,9.48E-04
2436,9.52E-04
2437,8.95E-04
2438,8.66E-04
2439,8.73E-04
2440,8.93E-04
2441,9.14E-04
2442,9.32E-04
2443,9.41E-04
2444,7.67E-04
2445,7.70E-04
2446,8.02E-04
2447,8.43E-04
2448,8.81E-04
2449,9.11E-04
2450,9.28E-04
2451,6.02E-04
2452,6.48E-04
2453,7.18E-04
2454,7.89E-04
2455,8.50E-04
2456,8.99E-04
2457,9.40E-04
2458,4.17E-04
2459,5.18E-04
2460,6.37E-04
2461,7.48E-04
2462,8.39E-04
2463,9.04E-04
2464,9.28E-04
2465,2.48E-04
2466,4.18E-04
2467,5.98E-04
2468,7.60E-04
2469,8.91E-04
2470,9.82E-04
2471,1.02E-03
2472,1.17E-03
2473,1.12E-03
2474,9.98E-04
2475,8.29E-04
2476,6.22E-04
2477,3.99E-04
2478,1.93E-04
2479,2.44E-04
2480,4.72E-04
2481,7.31E-04
2482,9.51E-04
2483,8.66E-04
2484,8.53E-04
2485,8.86E-04
2486,9.40E-04
2487,9.92E-04
2488,1.03E-03
2489,1.06E-03
2490,6.89E-04
2491,7.32E-04
2492,8.19E-04
2493,9.04E-04
2494,9.83E-04
2495,1.04E-03
2496,1.08E-03
2497,4.73E-04
2498,5.90E-04
2499,7.30E-04
2500,8.62E-04
2501,9.78E-04
2502,1.06E-03
2503,1.12E-03
2504,2.56E-04
2505,4.70E-04
2506,6.84E-04
2507,8.89E-04
2508,1.02E-03
2509,1.13E-03
2510,1.21E-03
2511,1.39E-03
2512,1.28E-03
2513,1.12E-03
2514,9.48E-04
2515,7.08E-04
2516,4.58E-04
2517,2.38E-04
2518,1.01E-03
2519,9.36E-04
2520,9.54E-04
2521,9.42E-04
2522,9.52E-04
2523,9.58E-04
2524,9.62E-04
2525,9.77E-04
2526,9.92E-04
2527,9.76E-04
2528,9.25E-04
2529,9.24E-04
2530,9.30E-04
2531,9.40E-04
2532,9.46E-04
2533,9.53E-04
2534,9.71E-04
2535,9.72E-04
2536,8.96E-04
2537,8.67E-04
2538,8.75E-04
2539,8.95E-04
2540,9.14E-04
2541,9.27E-04
2542,9.36E-04
2543,9.51E-04
2544,9.37E-04
2545,7.68E-04
2546,7.71E-04
2547,8.03E-04
2548,8.43E-04
2549,8.78E-04
2550,9.03E-04
2551,9.18E-04
2552,9.29E-04
2553,9.06E-04
2554,6.02E-04
2555,6.47E-04
2556,7.15E-04
2557,7.85E-04
2558,8.44E-04
2559,8.87E-04
2560,9.09E-04
2561,9.19E-04
2562,8.97E-04
2563,4.18E-04
2564,5.16E-04
2565,6.32E-04
2566,7.43E-04
2567,8.34E-04
2568,8.96E-04
2569,9.29E-04
2570,9.43E-04
2571,9.19E-04
2572,2.50E-04
2573,4.17E-04
2574,5.94E-04
2575,7.56E-04
2576,8.86E-04
2577,9.75E-04
2578,1.01E-03
2579,9.90E-04
2580,9.44E-04
2581,1.07E-03
2582,1.13E-03
2583,1.13E-03
2584,1.11E-03
2585,9.90E-04
2586,8.23E-04
2587,6.17E-04
2588,3.95E-04
2589,1.92E-04
2590,1.17E-03
2591,1.12E-03
2592,1.00E-03
2593,8.34E-04
2594,6.20E-04
2595,3.90E-04
2596,1.82E-04
2597,1.22E-03
2598,1.13E-03
2599,1.08E-03
2600,1.07E-03
2601,1.14E-03
2602,1.08E-03
2603,1.04E-03
2604,1.05E-03
2605,1.01E-03
2606,9.95E-04
2607,9.87E-04
2608,1.01E-03
2609,8.91E-04
2610,8.79E-04
2611,9.02E-04
2612,9.41E-04
2613,6.90E-04
2614,7.33E-04
2615,8.04E-04
2616,8.77E-04
2617,4.52E-04
2618,5.78E-04
2619,7.16E-04
2620,8.35E-04
2621,2.61E-04
2622,4.84E-04
2623,6.79E-04
2624,8.50E-04
2625,9.25E-04
2626,7.20E-04
2627,4.79E-04
2628,2.50E-04
2629,1.41E-03
2630,1.31E-03
2631,1.13E-03
2632,9.55E-04
2633,7.08E-04
2634,4.47E-04
2635,2.35E-04
2636,1.03E-03
2637,1.10E-03
2638,1.12E-03
2639,1.10E-03
2640,9.98E-04
2641,8.33E-04
2642,6.20E-04
2643,3.88E-04
2644,1.79E-04
2645,9.31E-04
2646,9.07E-04
2647,9.15E-04
2648,9.39E-04
2649,9.64E-04
2650,9.80E-04
2651,9.93E-04
2652,9.79E-04
2653,9.45E-04
2654,9.37E-04
2655,9.43E-04
2656,9.52E-04
2657,9.64E-04
2658,9.70E-04
2659,1.00E-03
2660,9.54E-04
2661,9.40E-04
2662,9.42E-04
2663,9.48E-04
2664,9.57E-04
2665,9.59E-04
2666,9.75E-04
2667,9.29E-04
2668,9.20E-04
2669,9.26E-04
2670,9.37E-04
2671,9.48E-04
2672,9.52E-04
2673,8.95E-04
2674,8.66E-04
2675,8.73E-04
2676,8.93E-04
2677,9.14E-04
2678,9.32E-04
2679,9.41E-04
2680,7.67E-04
2681,7.70E-04
2682,8.02E-04
2683,8.43E-04
2684,8.81E-04
2685,9.11E-04
2686,9.28E-04
2687,6.02E-04
2688,6.48E-04
2689,7.18E-04
2690,7.89E-04
2691,8.50E-04
2692,8.99E-04
2693,9.40E-04
2694,4.17E-04
2695,5.18E-04
2696,6.37E-04
2697,7.48E-04
2698,8.39E-04
2699,9.04E-04
2700,9.28E-04
2701,2.48E-04
2702,4.18E-04
2703,5.98E-04
2704,7.60E-04
2705,8.91E-04
2706,9.82E-04
2707,1.02E-03
2708,1.17E-03
2709,1.12E-03
2710,9.98E-04
2711,8.29E-04
2712,6.22E-04
2713,3.99E-04
2714,1.93E-04
2715,2.44E-04
2716,4.72E-04
2717,7.31E-04
2718,9.51E-04
2719,8.66E-04
2720,8.53E-04
2721,8.86E-04
2722,9.40E-04
2723,9.92E-04
2724,1.03E-03
2725,1.06E-03
2726,6.89E-04
2727,7.32E-04
2728,8.19E-04
2729,9.04E-04
2730,9.83E-04
2731,1.04E-03
2732,1.08E-03
2733,4.73E-04
2734,5.90E-04
2735,7.30E-04
2736,8.62E-04
2737,9.78E-04
2738,1.06E-03
2739,1.12E-03
2740,2.56E-04
2741,4.70E-04
2742,6.84E-04
2743,8.89E-04
2744,1.02E-03
2745,1.13E-03
2746,1.21E-03
2747,1.39E-03
2748,1.28E-03
2749,1.12E-03
2750,9.48E-04
2751,7.08E-04
2752,4.58E-04
2753,2.38E-04
2754,1.01E-03
2755,9.36E-04
2756,9.54E-04
2757,9.42E-04
2758,9.52E-04
2759,9.58E-04
2760,9.62E-04
2761,9.77E-04
2762,9.92E-04
2763,9.76E-04
2764,9.25E-04
2765,9.24E-04
2766,9.30E-04
2767,9.40E-04
2768,9.46E-04
2769,9.53E-04
2770,9.71E-04
2771,9.72E-04
2772,8.96E-04
2773,8.67E-04
2774,8.75E-04
2775,8.95E-04
2776,9.14E-04
2777,9.27E-04
2778,9.36E-04
2779,9.51E-04
2780,9.37E-04
2781,7.68E-04
2782,7.71E-04
2783,8.03E-04
2784,8.43E-04
2785,8.78E-04
2786,9.03E-04
2787,9.18E-04
2788,9.29E-04
2789,9.06E-04
2790,6.02E-04
2791,6.47E-04
2792,7.15E-04
2793,7.85E-04
2794,8.44E-04
2795,8.87E-04
2796,9.09E-04
2797,9.19E-04
2798,8.97E-04
2799,4.18E-04
2800,5.16E-04
2801,6.32E-04
2802,7.43E-04
2803,8.34E-04
2804,8.96E-04
2805,9.29E-04
2806,9.43E-04
2807,9.19E-04
2808,2.50E-04
2809,4.17E-04
2810,5.94E-04
2811,7.56E-04
2812,8.86E-04
2813,9.75E-04
2814,1.01E-03
2815,9.90E-04
2816,9.44E-04
2817,1.07E-03
2818,1.13E-03
2819,1.13E-03
2820,1.11E-03
2821,9.90E-04
2822,8.23E-04
2823,6.17E-04
2824,3.95E-04
2825,1.92E-04
2826,1.17E-03
2827,1.12E-03
2828,1.00E-03
2829,8.34E-04
2830,6.20E-04
2831,3.90E-04
2832,1.82E-04
2833,1.22E-03
2834,1.13E-03
2835,1.08E-03
2836,1.07E-03
2837,1.14E-03
2838,1.08E-03
2839,1.04E-03
2840,1.05E-03
2841,1.01E-03
2842,9.95E-04
2843,9.87E-04
2844,1.01E-03
2845,8.91E-04
2846,8.79E-04
2847,9.02E-04
2848,9.41E-04
2849,6.90E-04
2850,7.33E-04
2851,8.04E-04
2852,8.77E-04
2853,4.52E-04
2854,5.78E-04
2855,7.16E-04
2856,8.35E-04
2857,2.61E-04
2858,4.84E-04
2859,6.79E-04
2860,8.50E-04
2861,9.25E-04
2862,7.20E-04
2863,4.79E-04
2864,2.50E-04
2865,1.41E-03
2866,1.31E-03
2867,1.13E-03
2868,9.55E-04
2869,7.08E-04
2870,4.47E-04
2871,2.35E-04
2872,1.03E-03
2873,1.10E-03
2874,1.12E-03
2875,1.10E-03
2876,9.98E-04
2877,8.33E-04
2878,6.20E-04
2879,3.88E-04
2880,1.79E-04
2881,9.31E-04
2882,9.07E-04
2883,9.15E-04
2884,9.39E-04
2885,9.64E-04
2886,9.80E-04
2887,9.93E-04
2888,9.79E-04
2889,9.45E-04
2890,9.37E-04
2891,9.43E-04
2892,9.52E-04
2893,9.64E-04
2894,9.70E-04
2895,1.00E-03
2896,9.54E-04
2897,9.40E-04
2898,9.42E-04
2899,9.48E-04
2900,9.57E-04
2901,9.59E-04
2902,9.75E-04
2903,9.29E-04
2904,9.20E-04
2905,9.26E-04
2906,9.37E-04
2907,9.48E-04
2908,9.52E-04
2909,8.95E-04
2910,8.66E-04
2911,8.73E-04
2912,8.93E-04
2913,9.14E-04
2914,9.32E-04
2915,9.41E-04
2916,7.67E-04
2917,7.70E-04
2918,8.02E-04
2919,8.43E-04
2920,8.81E-04
2921,9.11E-04
2922,9.28E-04
2923,6.02E-04
2924,6.48E-04
2925,7.18E-04
2926,7.89E-04
2927,8.50E-04
2928,8.99E-04
2929,9.40E-04
2930,4.17E-04
2931,5.18E-04
2932,6.37E-04
2933,7.48E-04
2934,8.39E-04
2935,9.04E-04
2936,9.28E-04
2937,2.48E-04
2938,4.18E-04
2939,5.98E-04
2940,7.60E-04
2941,8.91E-04
2942,9.82E-04
2943,1.02E-03
2944,1.17E-03
2945,1.12E-03
2946,9.98E-04
2947,8.29E-04
2948,6.22E-04
2949,3.99E-04
2950,1.93E-04
2951,2.44E-04
2952,4.72E-04
2953,7.31E-04
2954,9.51E-04
2955,8.66E-04
2956,8.53E-04
2957,8.86E-04
2958,9.40E-04
2959,9.92E-04
2960,1.03E-03
2961,1.06E-03
2962,6.89E-04
2963,7.32E-04
2964,8.19E-04
2965,9.04E-04
2966,9.83E-04
2967,1.04E-03
2968,1.08E-03
2969,4.73E-04
2970,5.90E-04
2971,7.30E-04
2972,8.62E-04
2973,9.78E-04
2974,1.06E-03
2975,1.12E-03
2976,2.56E-04
2977,4.70E-04
2978,6.84E-04
2979,8.89E-04
2980,1.02E-03
2981,1.13E-03
2982,1.21E-03
2983,1.39E-03
2984,1.28E-03
2985,1.12E-03
2986,9.48E-04
2987,7.08E-04
2988,4.58E-04
2989,2.38E-04
2990,1.01E-03
2991,9.36E-04
2992,9.54E-04
2993,9.42E-04
2994,9.52E-04
2995,9.58E-04
2996,9.62E-04
2997,9.77E-04
2998,9.92E-04
2999,9.76E-04
3000,9.25E-04
3001,9.24E-04
3002,9.30E-04
3003,9.40E-04
3004,9.46E-04
3005,9.53E-04
3006,9.71E-04
3007,9.72E-04
3008,8.96E-04
3009,8.67E-04
3010,8.75E-04
3011,8.95E-04
3012,9.14E-04
3013,9.27E-04
3014,9.36E-04
3015,9.51E-04
3016,9.37E-04
3017,7.68E-04
3018,7.71E-04
3019,8.03E-04
3020,8.43E-04
3021,8.78E-04
3022,9.03E-04
3023,9.18E-04
3024,9.29E-04
3025,9.06E-04
3026,6.02E-04
3027,6.47E-04
3028,7.15E-04
3029,7.85E-04
3030,8.44E-04
3031,8.87E-04
3032,9.09E-04
3033,9.19E-04
3034,8.97E-04
3035,4.18E-04
3036,5.16E-04
3037,6.32E-04
3038,7.43E-04
3039,8.34E-04
3040,8.96E-04
3041,9.29E-04
3042,9.43E-04
3043,9.19E-04
3044,2.50E-04
3045,4.17E-04
3046,5.94E-04
3047,7.56E-04
3048,8.86E-04
3049,9.75E-04
3050,1.01E-03
3051,9.90E-04
3052,9.44E-04
3053,1.07E-03
3054,1.13E-03
3055,1.13E-03
3056,1.11E-03
3057,9.90E-04
3058,8.23E-04
3059,6.17E-04
3060,3.95E-04
3061,1.92E-04
3062,1.17E-03
3063,1.12E-03
3064,1.00E-03
3065,8.34E-04
3066,6.20E-04
3067,3.90E-04
3068,1.82E-04
3069,1.22E-03
3070,1.13E-03
3071,1.08E-03
3072,1.07E-03
3073,1.14E-03
3074,1.08E-03
3075,1.04E-03
3076,1.05E-03
3077,1.01E-03
3078,9.95E-04
3079,9.87E-04
3080,1.01E-03
3081,8.91E-04
3082,8.79E-04
3083,9.02E-04
3084,9.41E-04
3085,6.90E-04
3086,7.33E-04
3087,8.04E-04
3088,8.77E-04
3089,4.52E-04
3090,5.78E-04
3091,7.16E-04
3092,8.35E-04
3093,2.61E-04
3094,4.84E-04
3095,6.79E-04
3096,8.50E-04
3097,9.25E-04
3098,7.20E-04
3099,4.79E-04
3100,2.50E-04
3101,1.41E-03
3102,1.31E-03
3103,1.13E-03
3104,9.55E-04
3105,7.08E-04
3106,4.47E-04
3107,2.35E-04
3108,1.03E-03
3109,1.10E-03
3110,1.12E-03
3111,1.10E-03
3112,9.98E-04
3113,8.33E-04
3114,6.20E-04
3115,3.88E-04
3116,1.79E-04
3117,9.31E-04
3118,9.07E-04
3119,9.15E-04
3120,9.39E-04
3121,9.64E-04
3122,9.80E-04
3123,9.93E-04
3124,9.79E-04
3125,9.45E-04
3126,9.37E-04
3127,9.43E-04
3128,9.52E-04
3129,9.64E-04
3130,9.70E-04
3131,1.00E-03
3132,9.54E-04
3133,9.40E-04
3134,9.42E-04
3135,9.48E-04
3136,9.57E-04
3137,9.59E-04
3138,9.75E-04
3139,9.29E-04
3140,9.20E-04
3141,9.26E-04
3142,9.37E-04
3143,9.48E-04
3144,9.52E-04
3145,8.95E-04
3146,8.66E-04
3147,8.73E-04
3148,8.93E-04
3149,9.14E-04
3150,9.32E-04
3151,9.41E-04
3152,7.67E-04
3153,7.70E-04
3154,8.02E-04
3155,8.43E-04
3156,8.81E-04
3157,9.11E-04
3158,9.28E-04
3159,6.02E-04
3160,6.48E-04
3161,7.18E-04
3162,7.89E-04
3163,8.50E-04
3164,8.99E-04
3165,9.40E-04
3166,4.17E-04
3167,5.18E-04
3168,6.37E-04
3169,7.48E-04
3170,8.39E-04
3171,9.04E-04
3172,9.28E-04
3173,2.48E-04
3174,4.18E-04
3175,5.98E-04
3176,7.60E-04
3177,8.91E-04
3178,9.82E-04
3179,1.02E-03
3180,1.17E-03
3181,1.12E-03
3182,9.98E-04
3183,8.29E-04
3184,6.22E-04
3185,3.99E-04
3186,1.93E-04
3187,2.44E-04
3188,4.72E-04
3189,7.31E-04
3190,9.51E-04
3191,8.66E-04
3192,8.53E-04
3193,8.86E-04
3194,9.40E-04
3195,9.92E-04
3196,1.03E-03
3197,1.06E-03
3198,6.89E-04
3199,7.32E-04
3200,8.19E-04
3201,9.04E-04
3202,9.83E-04
3203,1.04E-03
3204,1.08E-03
3205,4.73E-04
3206,5.90E-04
3207,7.30E-04
3208,8.62E-04
3209,9.78E-04
3210,1.06E-03
3211,1.12E-03
3212,2.56E-04
3213,4.70E-04
3214,6.84E-04
3215,8.89E-04
3216,1.02E-03
3217,1.13E-03
3218,1.21E-03
3219,1.39E-03
3220,1.28E-03
3221,1.12E-03
3222,9.48E-04
3223,7.08E-04
3224,4.58E-04
3225,2.38E-04
3226,1.01E-03
3227,9.36E-04
3228,9.54E-04
3229,9.42E-04
3230,9.52E-04
3231,9.58E-04
3232,9.62E-04
3233,9.77E-04
3234,9.92E-04
3235,9.76E-04
3236,9.25E-04
3237,9.24E-04
3238,9.30E-04
3239,9.40E-04
3240,9.46E-04
3241,9.53E-04
3242,9.71E-04
3243,9.72E-04
3244,8.96E-04
3245,8.67E-04
3246,8.75E-04
3247,8.95E-04
3248,9.14E-04
3249,9.27E-04
3250,9.36E-04
3251,9.51E-04
3252,9.37E-04
3253,7.68E-04
3254,7.71E-04
3255,8.03E-04
3256,8.43E-04
3257,8.78E-04
3258,9.03E-04
3259,9.18E-04
3260,9.29E-04
3261,9.06E-04
3262,6.02E-04
3263,6.47E-04
3264,7.15E-04
3265,7.85E-04
3266,8.44E-04
3267,8.87E-04
3268,9.09E-04
3269,9.19E-04
3270,8.97E-04
3271,4.18E-04
3272,5.16E-04
3273,6.32E-04
3274,7.43E-04
3275,8.34E-04
3276,8.96E-04
3277,9.29E-04
3278,9.43E-04
3279,9.19E-04
3280,2.50E-04
3281,4.17E-04
3282,5.94E-04
3283,7.56E-04
3284,8.86E-04
3285,9.75E-04
3286,1.01E-03
3287,9.90E-04
3288,9.44E-04
3289,1.07E-03
3290,1.13E-03
3291,1.13E-03
3292,1.11E-03
3293,9.90E-04
3294,8.23E-04
3295,6.17E-04
3296,3.95E-04
3297,1.92E-04
3298,1.17E-03
3299,1.12E-03
3300,1.00E-03
3301,8.34E-04
3302,6.20E-04
3303,3.90E-04
3304,1.82E-04
3305,1.22E-03
3306,1.13E-03
3307,1.08E-03
3308,1.07E-03
3309,1.14E-03
3310,1.08E-03
3311,1.04E-03
3312,1.05E-03
3313,1.01E-03
3314,9.95E-04
3315,9.87E-04
3316,1.01E-03
3317,8.91E-04
3318,8.79E-04
3319,9.02E-04
3320,9.41E-04
3321,6.90E-04
3322,7.33E-04
3323,8.04E-04
3324,8.77E-04
3325,4.52E-04
3326,5.78E-04
3327,7.16E-04
3328,8.35E-04
3329,2.61E-04
3330,4.84E-04
3331,6.79E-04
3332,8.50E-04
3333,9.25E-04
3334,7.20E-04
3335,4.79E-04
3336,2.50E-04
3337,1.41E-03
3338,1.31E-03
3339,1.13E-03
3340,9.55E-04
3341,7.08E-04
3342,4.47E-04
3343,2.35E-04
3344,1.03E-03
3345,1.10E-03
3346,1.12E-03
3347,1.10E-03
3348,9.98E-04
3349,8.33E-04
3350,6.20E-04
3351,3.88E-04
3352,1.79E-04
3353,9.31E-04
3354,9.07E-04
3355,9.15E-04
3356,9.39E-04
3357,9.64E-04
3358,9.80E-04
3359,9.93E-04
3360,9.79E-04
3361,9.45E-04
3362,9.37E-04
3363,9.43E-04
3364,9.52E-04
3365,9.64E-04
3366,9.70E-04
3367,1.00E-03
3368,9.54E-04
3369,9.40E-04
3370,9.42E-04
3371,9.48E-04
3372,9.57E-04
3373,9.59E-04
3374,9.75E-04
3375,9.29E-04
3376,9.20E-04
3377,9.26E-04
3378,9.37E-04
3379,9.48E-04
3380,9.52E-04
3381,8.95E-04
3382,8.66E-04
3383,8.73E-04
3384,8.93E-04
3385,9.14E-04
3386,9.32E-04
3387,9.41E-04
3388,7.67E-04
3389,7.70E-04
3390,8.02E-04
3391,8.43E-04
3392,8.81E-04
3393,9.11E-04
3394,9.28E-04
3395,6.02E-04
3396,6.48E-04
3397,7.18E-04
3398,7.89E-04
3399,8.50E-04
3400,8.99E-04
3401,9.40E-04
3402,4.17E-04
3403,5.18E-04
3404,6.37E-04
3405,7.48E-04
3406,8.39E-04
3407,9.04E-04
3408,9.28E-04
3409,2.48E-04
3410,4.18E-04
3411,5.98E-04
3412,7.60E-04
3413,8.91E-04
3414,9.82E-04
3415,1.02E-03
3416,1.17E-03
3417,1.12E-03
3418,9.98E-04
3419,8.29E-04
3420,6.22E-04
3421,3.99E-04
3422,1.93E-04
3423,2.44E-04
3424,4.72E-04
3425,7.31E-04
3426,9.51E-04
3427,8.66E-04
3428,8.53E-04
3429,8.86E-04
3430,9.40E-04
3431,9.92E-04
3432,1.03E-03
3433,1.06E-03
3434,6.89E-04
3435,7.32E-04
3436,8.19E-04
3437,9.04E-04
3438,9.83E-04
3439,1.04E-03
3440,1.08E-03
3441,4.73E-04
3442,5.90E-04
3443,7.30E-04
3444,8.62E-04
3445,9.78E-04
3446,1.06E-03
3447,1.12E-03
3448,2.56E-04
3449,4.70E-04
3450,6.84E-04
3451,8.89E-04
3452,1.02E-03
3453,1.13E-03
3454,1.21E-03
3455,1.39E-03
3456,1.28E-03
3457,1.12E-03
3458,9.48E-04
3459,7.08E-04
3460,4.58E-04
3461,2.38E-04
3462,1.01E-03
3463,9.36E-04
3464,9.54E-04
3465,9.42E-04
3466,9.52E-04
3467,9.58E-04
3468,9.62E-04
3469,9.77E-04
3470,9.92E-04
3471,9.76E-04
3472,9.25E-04
3473,9.24E-04
3474,9.30E-04
3475,9.40E-04
3476,9.46E-04
3477,9.53E-04
3478,9.71E-04
3479,9.72E-04
3480,8.96E-04
3481,8.67E-04
3482,8.75E-04
3483,8.95E-04
3484,9.14E-04
3485,9.27E-04
3486,9.36E-04
3487,9.51E-04
3488,9.37E-04
3489,7.68E-04
3490,7.71E-04
3491,8.03E-04
3492,8.43E-04
3493,8.78E-04
3494,9.03E-04
3495,9.18E-04
3496,9.29E-04
3497,9.06E-04
3498,6.02E-04
3499,6.47E-04
3500,7.15E-04
3501,7.85E-04
3502,8.44E-04
3503,8.87E-04
3504,9.09E-04
3505,9.19E-04
3506,8.97E-04
3507,4.18E-04
3508,5.16E-04
3509,6.32E-04
3510,7.43E-04
3511,8.34E-04
3512,8.96E-04
3513,9.29E-04
3514,9.43E-04
3515,9.19E-04
3516,2.50E-04
3517,4.17E-04
3518,5.94E-04
3519,7.56E-04
3520,8.86E-04
3521,9.75E-04
3522,1.01E-03
3523,9.90E-04
3524,9.44E-04
3525,1.07E-03
3526,1.13E-03
3527,1.13E-03
3528,1.11E-03
3529,9.90E-04
3530,8.23E-04
3531,6.17E-04
3532,3.95E-04
3533,1.92E-04
3534,1.17E-03
3535,1.12E-03
3536,1.00E-03
3537,8.34E-04
3538,6.20E-04
3539,3.90E-04
3540,1.82E-04
3541,1.22E-03
3542,1.13E-03
3543,1.08E-03
3544,1.07E-03
3545,1.14E-03
3546,1.08E-03
3547,1.04E-03
3548,1.05E-03
3549,1.01E-03
3550,9.95E-04
3551,9.87E-04
3552,1.01E-03
3553,8.91E-04
3554,8.79E-04
3555,9.02E-04
3556,9.41E-04
3557,6.90E-04
3558,7.33E-04
3559,8.04E-04
3560,8.77E-04
3561,4.52E-04
3562,5.78E-04
3563,7.16E-04
3564,8.35E-04
3565,2.61E-04
3566,4.84E-04
3567,6.79E-04
3568,8.50E-04
3569,9.25E-04
3570,7.20E-04
3571,4.79E-04
3572,2.50E-04
3573,1.41E-03
3574,1.31E-03
3575,1.13E-03
3576,9.55E-04
3577,7.08E-04
3578,4.47E-04
3579,2.35E-04
3580,1.03E-03
3581,1.10E-03
3582,1.12E-03
3583,1.10E-03
3584,9.98E-04
3585,8.33E-04
3586,6.20E-04
3587,3.88E-04
3588,1.79E-04
3589,9.31E-04
3590,9.07E-04
3591,9.15E-04
3592,9.39E-04
3593,9.64E-04
3594,9.80E-04
3595,9.93E-04
3596,9.79E-04
3597,9.45E-04
3598,9.37E-04
3599,9.43E-04
3600,9.52E-04
3601,9.64E-04
3602,9.70E-04
3603,1.00E-03
3604,9.54E-04
3605,9.40E-04
3606,9.42E-04
3607,9.48E-04
3608,9.57E-04
3609,9.59E-04
3610,9.75E-04
3611,9.29E-04
3612,9.20E-04
3613,9.26E-04
3614,9.37E-04
3615,9.48E-04
3616,9.52E-04
3617,8.95E-04
3618,8.66E-04
3619,8.73E-04
3620,8.93E-04
3621,9.14E-04
3622,9.32E-04
3623,9.41E-04
3624,7.67E-04
3625,7.70E-04
3626,8.02E-04
3627,8.43E-04
3628,8.81E-04
3629,9.11E-04
3630,9.28E-04
3631,6.02E-04
3632,6.48E-04
3633,7.18E-04
3634,7.89E-04
3635,8.50E-04
3636,8.99E-04
3637,9.40E-04
3638,4.17E-04
3639,5.18E-04
3640,6.37E-04
3641,7.48E-04
3642,8.39E-04
3643,9.04E-04
3644,9.28E-04
3645,2.48E-04
3646,4.18E-04
3647,5.98E-04
3648,7.60E-04
3649,8.91E-04
3650,9.82E-04
3651,1.02E-03
3652,1.17E-03
3653,1.12E-03
3654,9.98E-04
3655,8.29E-04
3656,6.22E-04
3657,3.99E-04
3658,1.93E-04
3659,2.44E-04
3660,4.72E-04
3661,7.31E-04
3662,9.51E-04
3663,8.66E-04
3664,8.53E-04
3665,8.86E-04
3666,9.40E-04
3667,9.92E-04
3668,1.03E-03
3669,1.06E-03
3670,6.89E-04
3671,7.32E-04
3672,8.19E-04
3673,9.04E-04
3674,9.83E-04
3675,1.04E-03
3676,1.08E-03
3677,4.73E-04
3678,5.90E-04
3679,7.30E-04
3680,8.62E-04
3681,9.78E-04
3682,1.06E-03
3683,1.12E-03
3684,2.56E-04
3685,4.70E-04
3686,6.84E-04
3687,8.89E-04
3688,1.02E-03
3689,1.13E-03
3690,1.21E-03
3691,1.39E-03
3692,1.28E-03
3693,1.12E-03
3694,9.48E-04
3695,7.08E-04
3696,4.58E-04
3697,2.38E-04
3698,1.01E-03
3699,9.36E-04
3700,9.54E-04
3701,9.42E-04
3702,9.52E-04
3703,9.58E-04
3704,9.62E-04
3705,9.77E-04
3706,9.92E-04
3707,9.76E-04
3708,9.25E-04
3709,9.24E-04
3710,9.30E-04
3711,9.40E-04
3712,9.46E-04
3713,9.53E-04
3714,9.71E-04
3715,9.72E-04
3716,8.96E-04
3717,8.67E-04
3718,8.75E-04
3719,8.95E-04
3720,9.14E-04
3721,9.27E-04
3722,9.36E-04
3723,9.51E-04
3724,9.37E-04
3725,7.68E-04
3726,7.71E-04
3727,8.03E-04
3728,8.43E-04
3729,8.78E-04
3730,9.03E-04
3731,9.18E-04
3732,9.29E-04
3733,9.06E-04
3734,6.02E-04
3735,6.47E-04
3736,7.15E-04
3737,7.85E-04
3738,8.44E-04
3739,8.87E-04
3740,9.09E-04
3741,9.19E-04
3742,8.97E-04
3743,4.18E-04
3744,5.16E-04
3745,6.32E-04
3746,7.43E-04
3747,8.34E-04
3748,8.96E-04
3749,9.29E-04
3750,9.43E-04
3751,9.19E-04
3752,2.50E-04
3753,4.17E-04
3754,5.94E-04
3755,7.56E-04
3756,8.86E-04
3757,9.75E-04
3758,1.01E-03
3759,9.90E-04
3760,9.44E-04
3761,1.07E-03
3762,1.13E-03
3763,1.13E-03
3764,1.11E-03
3765,9.90E-04
3766,8.23E-04
3767,6.17E-04
3768,3.95E-04
3769,1.92E-04
3770,1.17E-03
3771,1.12E-03
3772,1.00E-03
3773,8.34E-04
3774,6.20E-04
3775,3.90E-04
3776,1.82E-04
3777,1.22E-03
3778,1.13E-03
3779,1.08E-03
3780,1.07E-03
3781,1.14E-03
3782,1.08E-03
3783,1.04E-03
3784,1.05E-03
3785,1.01E-03
3786,9.95E-04
3787,9.87E-04
3788,1.01E-03
3789,8.91E-04
3790,8.79E-04
3791,9.02E-04
3792,9.41E-04
3793,6.90E-04
3794,7.33E-04
3795,8.04E-04
3796,8.77E-04
3797,4.52E-04
3798,5.78E-04
3799,7.16E-04
3800,8.35E-04
3801,2.61E-04
3802,4.84E-04
3803,6.79E-04
3804,8.50E-04
3805,9.25E-04
3806,7.20E-04
3807,4.79E-04
3808,2.50E-04
3809,1.41E-03
3810,1.31E-03
3811,1.13E-03
3812,9.55E-04
3813,7.08E-04
3814,4.47E-04
3815,2.35E-04
3816,1.03E-03
3817,1.10E-03
3818,1.12E-03
3819,1.10E-03
3820,9.98E-04
3821,8.33E-04
3822,6.20E-04
3823,3.88E-04
3824,1.79E-04
3825,9.31E-04
3826,9.07E-04
3827,9.15E-04
3828,9.39E-04
3829,9.64E-04
3830,9.80E-04
3831,9.93E-04
3832,9.79E-04
3833,9.45E-04
3834,9.37E-04
3835,9.43E-04
3836,9.52E-04
3837,9.64E-04
3838,9.70E-04
3839,1.00E-03
3840,9.54E-04
3841,9.40E-04
3842,9.42E-04
3843,9.48E-04
3844,9.57E-04
3845,9.59E-04
3846,9.75E-04
3847,9.29E-04
3848,9.20E-04
3849,9.26E-04
3850,9.37E-04
3851,9.48E-04
3852,9.52E-04
3853,8.95E-04
3854,8.66E-04
3855,8.73E-04
3856,8.93E-04
3857,9.14E-04
3858,9.32E-04
3859,9.41E-04
3860,7.67E-04
3861,7.70E-04
3862,8.02E-04
3863,8.43E-04
3864,8.81E-04
3865,9.11E-04
3866,9.28E-04
3867,6.02E-04
3868,6.48E-04
3869,7.18E-04
3870,7.89E-04
3871,8.50E-04
3872,8.99E-04
3873,9.40E-04
3874,4.17E-04
3875,5.18E-04
3876,6.37E-04
3877,7.48E-04
3878,8.39E-04
3879,9.04E-04
3880,9.28E-04
3881,2.48E-04
3882,4.18E-04
3883,5.98E-04
3884,7.60E-04
3885,8.91E-04
3886,9.82E-04
3887,1.02E-03
3888,1.17E-03
3889,1.12E-03
3890,9.98E-04
3891,8.29E-04
3892,6.22E-04
3893,3.99E-04
3894,1.93E-04
3895,2.44E-04
3896,4.72E-04
3897,7.31E-04
3898,9.51E-04
3899,8.66E-04
3900,8.53E-04
3901,8.86E-04
3902,9.40E-04
3903,9.92E-04
3904,1.03E-03
3905,1.06E-03
3906,6.89E-04
3907,7.32E-04
3908,8.19E-04
3909,9.04E-04
3910,9.83E-04
3911,1.04E-03
3912,1.08E-03
3913,4.73E-04
3914,5.90E-04
3915,7.30E-04
3916,8.62E-04
3917,9.78E-04
3918,1.06E-03
3919,1.12E-03
3920,2.56E-04
3921,4.70E-04
3922,6.84E-04
3923,8.89E-04
3924,1.02E-03
3925,1.13E-03
3926,1.21E-03
3927,1.39E-03
3928,1.28E-03
3929,1.12E-03
3930,9.48E-04
3931,7.08E-04
3932,4.58E-04
3933,2.38E-04
3934,1.01E-03
3935,9.36E-04
3936,9.54E-04
3937,9.42E-04
3938,9.52E-04
3939,9.58E-04
3940,9.62E-04
3941,9.77E-04
3942,9.92E-04
3943,9.76E-04
3944,9.25E-04
3945,9.24E-04
3946,9.30E-04
3947,9.40E-04
3948,9.46E-04
3949,9.53E-04
3950,9.71E-04
3951,9.72E-04
3952,8.96E-04
3953,8.67E-04
3954,8.75E-04
3955,8.95E-04
3956,9.14E-04
3957,9.27E-04
3958,9.36E-04
3959,9.51E-04
3960,9.37E-04
3961,7.68E-04
3962,7.71E-04
3963,8.03E-04
3964,8.43E-04
3965,8.78E-04
3966,9.03E-04
3967,9.18E-04
3968,9.29E-04
3969,9.06E-04
3970,6.02E-04
3971,6.47E-04
3972,7.15E-04
3973,7.85E-04
3974,8.44E-04
3975,8.87E-04
3976,9.09E-04
3977,9.19E-04
3978,8.97E-04
3979,4.18E-04
3980,5.16E-04
3981,6.32E-04
3982,7.43E-04
3983,8.34E-04
3984,8.96E-04
3985,9.29E-04
3986,9.43E-04
3987,9.19E-04
3988,2.50E-04
3989,4.17E-04
3990,5.94E-04
3991,7.56E-04
3992,8.86E-04
3993,9.75E-04
3994,1.01E-03
3995,9.90E-04
3996,9.44E-04
3997,1.07E-03
3998,1.13E-03
3999,1.13E-03
4000,1.11E-03
4001,9.90E-04
4002,8.23E-04
4003,6.17E-04
4004,3.95E-04
4005,1.92E-04
4006,1.17E-03
4007,1.12E-03
4008,1.00E-03
4009,8.34E-04
4010,6.20E-04
4011,3.90E-04
4012,1.82E-04
4013,1.22E-03
4014,1.13E-03
4015,1.08E-03
4016,1.07E-03
4017,1.14E-03
4018,1.08E-03
4019,1.04E-03
4020,1.05E-03
4021,1.01E-03
4022,9.95E-04
4023,9.87E-04
4024,1.01E-03
4025,8.91E-04
4026,8.79E-04
4027,9.02E-04
4028,9.41E-04
4029,6.90E-04
4030,7.33E-04
4031,8.04E-04
4032,8.77E-04
4033,4.52E-04
4034,5.78E-04
4035,7.16E-04
4036,8.35E-04
4037,2.61E-04
4038,4.84E-04
4039,6.79E-04
4040,8.50E-04
4041,9.25E-04
4042,7.20E-04
4043,4.79E-04
4044,2.50E-04
4045,1.41E-03
4046,1.31E-03
4047,1.13E-03
4048,9.55E-04
4049,7.08E-04
4050,4.47E-04
4051,2.35E-04
4052,1.03E-03
4053,1.10E-03
4054,1.12E-03
4055,1.10E-03
4056,9.98E-04
4057,8.33E-04
4058,6.20E-04
4059,3.88E-04
4060,1.79E-04
4061,9.31E-04
4062,9.07E-04
4063,9.15E-04
4064,9.39E-04
4065,9.64E-04
4066,9.80E-04
4067,9.93E-04
4068,9.79E-04
4069,9.45E-04
4070,9.37E-04
4071,9.43E-04
4072,9.52E-04
4073,9.64E-04
4074,9.70E-04
4075,1.00E-03
4076,9.54E-04
4077,9.40E-04
4078,9.42E-04
4079,9.48E-04
4080,9.57E-04
4081,9.59E-04
4082,9.75E-04
4083,9.29E-04
4084,9.20E-04
4085,9.26E-04
4086,9.37E-04
4087,9.48E-04
4088,9.52E-04
4089,8.95E-04
4090,8.66E-04
4091,8.73E-04
4092,8.93E-04
4093,9.14E-04
4094,9.32E-04
4095,9.41E-04
4096,7.67E-04
4097,7.70E-04
4098,8.02E-04
4099,8.43E-04
4100,8.81E-04
4101,9.11E-04
4102,9.28E-04
4103,6.02E-04
4104,6.48E-04
4105,7.18E-04
4106,7.89E-04
4107,8.50E-04
4108,8.99E-04
4109,9.40E-04
4110,4.17E-04
4111,5.18E-04
4112,6.37E-04
4113,7.48E-04
4114,8.39E-04
4115,9.04E-04
4116,9.28E-04
4117,2.48E-04
4118,4.18E-04
4119,5.98E-04
4120,7.60E-04
4121,8.91E-04
4122,9.82E-04
4123,1.02E-03
4124,1.17E-03
4125,1.12E-03
4126,9.98E-04
4127,8.29E-04
4128,6.22E-04
4129,3.99E-04
4130,1.93E-04
4131,2.44E-04
4132,4.72E-04
4133,7.31E-04
4134,9.51E-04
4135,8.66E-04
4136,8.53E-04
4137,8.86E-04
4138,9.40E-04
4139,9.92E-04
4140,1.03E-03
4141,1.06E-03
4142,6.89E-04
4143,7.32E-04
4144,8.19E-04
4145,9.04E-04
4146,9.83E-04
4147,1.04E-03
4148,1.08E-03
4149,4.73E-04
4150,5.90E-04
4151,7.30E-04
4152,8.62E-04
4153,9.78E-04
4154,1.06E-03
4155,1.12E-03
4156,2.56E-04
4157,4.70E-04
4158,6.84E-04
4159,8.89E-04
4160,1.02E-03
4161,1.13E-03
4162,1.21E-03
4163,1.39E-03
4164,1.28E-03
4165,1.12E-03
4166,9.48E-04
4167,7.08E-04
4168,4.58E-04
4169,2.38E-04
4170,1.01E-03
4171,9.36E-04
4172,9.54E-04
4173,9.42E-04
4174,9.52E-04
4175,9.58E-04
4176,9.62E-04
4177,9.77E-04
4178,9.92E-04
4179,9.76E-04
4180,9.25E-04
4181,9.24E-04
4182,9.30E-04
4183,9.40E-04
4184,9.46E-04
4185,9.53E-04
4186,9.71E-04
4187,9.72E-04
4188,8.96E-04
4189,8.67E-04
4190,8.75E-04
4191,8.95E-04
4192,9.14E-04
4193,9.27E-04
4194,9.36E-04
4195,9.51E-04
4196,9.37E-04
4197,7.68E-04
4198,7.71E-04
4199,8.03E-04
4200,8.43E-04
4201,8.78E-04
4202,9.03E-04
4203,9.18E-04
4204,9.29E-04
4205,9.06E-04
4206,6.02E-04
4207,6.47E-04
4208,7.15E-04
4209,7.85E-04
4210,8.44E-04
4211,8.87E-04
4212,9.09E-04
4213,9.19E-04
4214,8.97E-04
4215,4.18E-04
4216,5.16E-04
4217,6.32E-04
4218,7.43E-04
4219,8.34E-04
4220,8.96E-04
4221,9.29E-04
4222,9.43E-04
4223,9.19E-04
4224,2.50E-04
4225,4.17E-04
4226,5.94E-04
4227,7.56E-04
4228,8.86E-04
4229,9.75E-04
4230,1.01E-03
4231,9.90E-04
4232,9.44E-04
4233,1.07E-03
4234,1.13E-03
4235,1.13E-03
4236,1.11E-03
4237,9.90E-04
4238,8.23E-04
4239,6.17E-04
4240,3.95E-04
4241,1.92E-04
4242,1.17E-03
4243,1.12E-03
4244,1.00E-03
4245,8.34E-04
4246,6.20E-04
4247,3.90E-04
4248,1.82E-04
4249,1.22E-03
4250,1.13E-03
4251,1.08E-03
4252,1.07E-03
4253,1.14E-03
4254,1.08E-03
4255,1.04E-03
4256,1.05E-03
4257,1.01E-03
4258,9.95E-04
4259,9.87E-04
4260,1.01E-03
4261,8.91E-04
4262,8.79E-04
4263,9.02E-04
4264,9.41E-04
4265,6.90E-04
4266,7.33E-04
4267,8.04E-04
4268,8.77E-04
4269,4.52E-04
4270,5.78E-04
4271,7.16E-04
4272,8.35E-04
4273,2.61E-04
4274,4.84E-04
4275,6.79E-04
4276,8.50E-04
4277,9.25E-04
4278,7.20E-04
4279,4.79E-04
4280,2.50E-04
4281,1.41E-03
4282,1.31E-03
4283,1.13E-03
4284,9.55E-04
4285,7.08E-04
4286,4.47E-04
4287,2.35E-04
4288,1.03E-03
4289,1.10E-03
4290,1.12E-03
4291,1.10E-03
4292,9.98E-04
4293,8.33E-04
4294,6.20E-04
4295,3.88E-04
4296,1.79E-04
4297,9.31E-04
4298,9.07E-04
4299,9.15E-04
4300,9.39E-04
4301,9.64E-04
4302,9.80E-04
4303,9.93E-04
4304,9.79E-04
4305,9.45E-04
4306,9.37E-04
4307,9.43E-04
4308,9.52E-04
4309,9.64E-04
4310,9.70E-04
4311,1.00E-03
4312,9.54E-04
4313,9.40E-04
4314,9.42E-04
4315,9.48E-04
4316,9.57E-04
4317,9.59E-04
4318,9.75E-04
4319,9.29E-04
4320,9.20E-04
4321,9.26E-04
4322,9.37E-04
4323,9.48E-04
4324,9.52E-04
4325,8.95E-04
4326,8.66E-04
4327,8.73E-04
4328,8.93E-04
4329,9.14E-04
4330,9.32E-04
4331,9.41E-04
4332,7.67E-04
4333,7.70E-04
4334,8.02E-04
4335,8.43E-04
4336,8.81E-04
4337,9.11E-04
4338,9.28E-04
4339,6.02E-04
4340,6.48E-04
4341,7.18E-04
4342,7.89E-04
4343,8.50E-04
4344,8.99E-04
4345,9.40E-04
4346,4.17E-04
4347,5.18E-04
4348,6.37E-04
4349,7.48E-04
4350,8.39E-04
4351,9.04E-04
4352,9.28E-04
4353,2.48E-04
4354,4.18E-04
4355,5.98E-04
4356,7.60E-04
4357,8.91E-04
4358,9.82E-04
4359,1.02E-03
4360,1.17E-03
4361,1.12E-03
4362,9.98E-04
4363,8.29E-04
4364,6.22E-04
4365,3.99E-04
4366,1.93E-04
4367,2.44E-04
4368,4.72E-04
4369,7.31E-04
4370,9.51E-04
4371,8.66E-04
4372,8.53E-04
4373,8.86E-04
4374,9.40E-04
4375,9.92E-04
4376,1.03E-03
4377,1.06E-03
4378,6.89E-04
4379,7.32E-04
4380,8.19E-04
4381,9.04E-04
4382,9.83E-04
4383,1.04E-03
4384,1.08E-03
4385,4.73E-04
4386,5.90E-04
4387,7.30E-04
4388,8.62E-04
4389,9.78E-04
4390,1.06E-03
4391,1.12E-03
4392,2.56E-04
4393,4.70E-04
4394,6.84E-04
4395,8.89E-04
4396,1.02E-03
4397,1.13E-03
4398,1.21E-03
4399,1.39E-03
4400,1.28E-03
4401,1.12E-03
4402,9.48E-04
4403,7.08E-04
4404,4.58E-04
4405,2.38E-04
4406,1.01E-03
4407,9.36E-04
4408,9.54E-04
4409,9.42E-04
4410,9.52E-04
4411,9.58E-04
4412,9.62E-04
4413,9.77E-04
4414,9.92E-04
4415,9.76E-04
4416,9.25E-04
4417,9.24E-04
4418,9.30E-04
4419,9.40E-04
4420,9.46E-04
4421,9.53E-04
4422,9.71E-04
4423,9.72E-04
4424,8.96E-04
4425,8.67E-04
4426,8.75E-04
4427,8.95E-04
4428,9.14E-04
4429,9.27E-04
4430,9.36E-04
4431,9.51E-04
4432,9.37E-04
4433,7.68E-04
4434,7.71E-04
4435,8.03E-04
4436,8.43E-04
4437,8.78E-04
4438,9.03E-04
4439,9.18E-04
4440,9.29E-04
4441,9.06E-04
4442,6.02E-04
4443,6.47E-04
4444,7.15E-04
4445,7.85E-04
4446,8.44E-04
4447,8.87E-04
4448,9.09E-04
4449,9.19E-04
4450,8.97E-04
4451,4.18E-04
4452,5.16E-04
4453,6.32E-04
4454,7.43E-04
4455,8.34E-04
4456,8.96E-04
4457,9.29E-04
4458,9.43E-04
4459,9.19E-04
4460,2.50E-04
4461,4.17E-04
4462,5.94E-04
4463,7.56E-04
4464,8.86E-04
4465,9.75E-04
4466,1.01E-03
4467,9.90E-04
4468,9.44E-04
4469,1.07E-03
4470,1.13E-03
4471,1.13E-03
4472,1.11E-03
4473,9.90E-04
4474,8.23E-04
4475,6.17E-04
4476,3.95E-04
4477,1.92E-04
4478,1.17E-03
4479,1.12E-03
4480,1.00E-03
4481,8.34E-04
4482,6.20E-04
4483,3.90E-04
4484,1.82E-04
4485,1.22E-03
4486,1.13E-03
4487,1.08E-03
4488,1.07E-03
4489,1.14E-03
4490,1.08E-03
4491,1.04E-03
4492,1.05E-03
4493,1.01E-03
4494,9.95E-04
4495,9.87E-04
4496,1.01E-03
4497,8.91E-04
4498,8.79E-04
4499,9.02E-04
4500,9.41E-04
4501,6.90E-04
4502,7.33E-04
4503,8.04E-04
4504,8.77E-04
4505,4.52E-04
4506,5.78E-04
4507,7.16E-04
4508,8.35E-04
4509,2.61E-04
4510,4.84E-04
4511,6.79E-04
4512,8.50E-04
4513,9.19E-04
4514,7.29E-04
4515,4.99E-04
4516,2.70E-04
4517,1.37E-03
4518,1.28E-03
4519,1.11E-03
4520,9.52E-04
4521,7.25E-04
4522,4.76E-04
4523,2.62E-04
4524,1.01E-03
4525,1.08E-03
4526,1.10E-03
4527,1.08E-03
4528,9.84E-04
4529,8.31E-04
4530,6.31E-04
4531,4.11E-04
4532,1.97E-04
4533,9.31E-04
4534,9.07E-04
4535,9.15E-04
4536,9.39E-04
4537,9.64E-04
4538,9.80E-04
4539,9.93E-04
4540,9.79E-04
4541,9.45E-04
4542,9.37E-04
4543,9.43E-04
4544,9.52E-04
4545,9.64E-04
4546,9.70E-04
4547,1.00E-03
4548,9.54E-04
4549,9.40E-04
4550,9.42E-04
4551,9.48E-04
4552,9.57E-04
4553,9.59E-04
4554,9.75E-04
4555,9.29E-04
4556,9.20E-04
4557,9.26E-04
4558,9.37E-04
4559,9.48E-04
4560,9.52E-04
4561,8.95E-04
4562,8.66E-04
4563,8.73E-04
4564,8.93E-04
4565,9.14E-04
4566,9.32E-04
4567,9.41E-04
4568,7.67E-04
4569,7.70E-04
4570,8.02E-04
4571,8.43E-04
4572,8.81E-04
4573,9.11E-04
4574,9.28E-04
4575,6.02E-04
4576,6.48E-04
4577,7.18E-04
4578,7.89E-04
4579,8.50E-04
4580,8.99E-04
4581,9.40E-04
4582,4.17E-04
4583,5.18E-04
4584,6.37E-04
4585,7.48E-04
4586,8.39E-04
4587,9.04E-04
4588,9.28E-04
4589,2.48E-04
4590,4.18E-04
4591,5.98E-04
4592,7.60E-04
4593,8.91E-04
4594,9.82E-04
4595,1.02E-03
4596,1.15E-03
4597,1.10E-03
4598,9.88E-04
4599,8.32E-04
4600,6.35E-04
4601,4.19E-04
4602,2.09E-04
4603,2.66E-04
4604,4.95E-04
4605,7.38E-04
4606,9.43E-04
4607,8.66E-04
4608,8.53E-04
4609,8.86E-04
4610,9.40E-04
4611,9.92E-04
4612,1.03E-03
4613,1.06E-03
4614,6.89E-04
4615,7.32E-04
4616,8.19E-04
4617,9.04E-04
4618,9.83E-04
4619,1.04E-03
4620,1.08E-03
4621,4.73E-04
4622,5.90E-04
4623,7.30E-04
4624,8.62E-04
4625,9.78E-04
4626,1.06E-03
4627,1.12E-03
4628,2.56E-04
4629,4.70E-04
4630,6.84E-04
4631,8.89E-04
4632,1.02E-03
4633,1.13E-03
4634,1.21E-03
4635,1.36E-03
4636,1.25E-03
4637,1.11E-03
4638,9.48E-04
4639,7.26E-04
4640,4.85E-04
4641,2.63E-04
4642,1.01E-03
4643,9.36E-04
4644,9.54E-04
4645,9.42E-04
4646,9.52E-04
4647,9.58E-04
4648,9.62E-04
4649,9.77E-04
4650,9.92E-04
4651,9.76E-04
4652,9.25E-04
4653,9.24E-04
4654,9.30E-04
4655,9.40E-04
4656,9.46E-04
4657,9.53E-04
4658,9.71E-04
4659,9.72E-04
4660,8.96E-04
4661,8.67E-04
4662,8.75E-04
4663,8.95E-04
4664,9.14E-04
4665,9.27E-04
4666,9.36E-04
4667,9.51E-04
4668,9.37E-04
4669,7.68E-04
4670,7.71E-04
4671,8.03E-04
4672,8.43E-04
4673,8.78E-04
4674,9.03E-04
4675,9.18E-04
4676,9.29E-04
4677,9.06E-04
4678,6.02E-04
4679,6.47E-04
4680,7.15E-04
4681,7.85E-04
4682,8.44E-04
4683,8.87E-04
4684,9.09E-04
4685,9.19E-04
4686,8.97E-04
4687,4.18E-04
4688,5.16E-04
4689,6.32E-04
4690,7.43E-04
4691,8.34E-04
4692,8.96E-04
4693,9.29E-04
4694,9.43E-04
4695,9.19E-04
4696,2.50E-04
4697,4.17E-04
4698,5.94E-04
4699,7.56E-04
4700,8.86E-04
4701,9.75E-04
4702,1.01E-03
4703,9.90E-04
4704,9.44E-04
4705,1.05E-03
4706,1.11E-03
4707,1.11E-03
4708,1.09E-03
4709,9.81E-04
4710,8.26E-04
4711,6.28E-04
4712,4.17E-04
4713,2.08E-04
4714,1.15E-03
4715,1.10E-03
4716,9.92E-04
4717,8.34E-04
4718,6.32E-04
4719,4.10E-04
4720,2.00E-04
